firstName,lastName,email,gender,country
Jaimie,MacTerrelly,jmacterrelly0@yellowbook.com,Bigender,Greece
Tanney,Markova,tmarkova1@seesaa.net,Non-binary,Senegal
Frederic,Langeley,flangeley2@army.mil,Male,Philippines
Miof mela,Grigorio,mgrigorio3@newsvine.com,Genderfluid,Indonesia
Mariya,Burtonshaw,mburtonshaw4@hostgator.com,Male,Thailand
Brig,Cavolini,bcavolini5@topsy.com,Non-binary,Indonesia
Henrieta,Goublier,hgoublier6@biglobe.ne.jp,Polygender,Indonesia
Carena,Musprat,cmusprat7@jimdo.com,Genderqueer,Morocco
Brenden,MacMychem,bmacmychem8@slashdot.org,Bigender,Eritrea
Georas,McCullough,gmccullough9@walmart.com,Genderfluid,Brazil
Gisele,Dupey,gdupeya@nih.gov,Polygender,Poland
Karyl,Izakson,kizaksonb@purevolume.com,Polygender,Paraguay
Chelsie,McCann,cmccannc@mysql.com,Polygender,Indonesia
Shanie,Cantle,scantled@census.gov,Male,China
Lura,Firbank,lfirbanke@dmoz.org,Agender,Greece
Damien,Tinn,dtinnf@boston.com,Bigender,Indonesia
Aloin,Gingold,agingoldg@delicious.com,Bigender,Poland
Adrian,Tilberry,atilberryh@ox.ac.uk,Female,Indonesia
Jefferson,Greyes,jgreyesi@tinyurl.com,Female,Dominican Republic
Donny,Billing,dbillingj@google.ca,Polygender,French Polynesia
Rosene,Vasishchev,rvasishchevk@gmpg.org,Non-binary,Indonesia
Abeu,Pollington,apollingtonl@dyndns.org,Male,Sierra Leone
Shell,Croley,scroleym@gnu.org,Agender,China
Allyn,Wagerfield,awagerfieldn@bandcamp.com,Agender,Kenya
Bria,Dowe,bdoweo@google.nl,Bigender,Indonesia
Fransisco,Jeffery,fjefferyp@webeden.co.uk,Female,Russia
Brear,Nortunen,bnortunenq@feedburner.com,Female,Malaysia
Farleigh,Janssen,fjanssenr@zimbio.com,Genderqueer,Pakistan
Lucita,Pawle,lpawles@acquirethisname.com,Female,Morocco
Herta,Toopin,htoopint@addtoany.com,Genderqueer,Poland
Lindy,Gres,lgresu@marketwatch.com,Agender,Albania
Shayla,Yeates,syeatesv@dropbox.com,Genderfluid,Russia
Caro,Tregaskis,ctregaskisw@tinypic.com,Genderqueer,Indonesia
Derrik,Tink,dtinkx@nytimes.com,Bigender,Philippines
Melodie,Howard - Gater,mhowardgatery@flickr.com,Agender,China
Madelena,Nuton,mnutonz@moonfruit.com,Genderfluid,China
Tabbie,McTrustie,tmctrustie10@dot.gov,Polygender,Colombia
Pryce,Willets,pwillets11@umn.edu,Female,Greece
Fransisco,Looby,flooby12@sciencedaily.com,Non-binary,Sweden
Pansy,Austen,pausten13@wordpress.com,Bigender,France
Marilin,Pentony,mpentony14@vkontakte.ru,Agender,Serbia
Max,Lettley,mlettley15@aol.com,Male,French Southern Territories
Giovanni,Menichelli,gmenichelli16@msu.edu,Non-binary,Philippines
Ernestine,Bowater,ebowater17@opensource.org,Polygender,Indonesia
Milo,Tieman,mtieman18@upenn.edu,Genderqueer,Russia
Masha,Waulker,mwaulker19@xing.com,Bigender,China
Frannie,Orts,forts1a@technorati.com,Male,Chile
Cchaddie,Dewicke,cdewicke1b@freewebs.com,Non-binary,Philippines
Jillana,Kirstein,jkirstein1c@umn.edu,Polygender,Indonesia
Elke,McAsgill,emcasgill1d@vistaprint.com,Bigender,Philippines
Bernie,Vaughton,bvaughton1e@ezinearticles.com,Non-binary,Brazil
Benoite,Francecione,bfrancecione1f@sina.com.cn,Genderqueer,China
Sadie,Kilcullen,skilcullen1g@illinois.edu,Non-binary,Norway
Marika,Prinn,mprinn1h@lycos.com,Bigender,Indonesia
Smith,Beddon,sbeddon1i@seattletimes.com,Genderqueer,Japan
Tiertza,Piniur,tpiniur1j@storify.com,Genderqueer,Vietnam
Evangelin,Brantzen,ebrantzen1k@tripadvisor.com,Female,Indonesia
Ardis,McGaraghan,amcgaraghan1l@cam.ac.uk,Bigender,China
Aylmar,Normavell,anormavell1m@t.co,Male,Sweden
Randie,Woollam,rwoollam1n@mashable.com,Agender,Thailand
Lynette,Hritzko,lhritzko1o@hexun.com,Non-binary,Venezuela
Else,Bowers,ebowers1p@goo.gl,Bigender,Indonesia
Norrie,Fagge,nfagge1q@bloglovin.com,Bigender,Ethiopia
Genvieve,Zylberdik,gzylberdik1r@issuu.com,Agender,Czech Republic
Celina,Drew-Clifton,cdrewclifton1s@free.fr,Female,Georgia
Fabiano,McCutcheon,fmccutcheon1t@yolasite.com,Genderqueer,Indonesia
Berkley,Biddle,bbiddle1u@macromedia.com,Agender,Indonesia
Garek,Minogue,gminogue1v@istockphoto.com,Female,Morocco
Eadith,Alison,ealison1w@newyorker.com,Bigender,Russia
Leona,Espley,lespley1x@dyndns.org,Female,Czech Republic
Aaren,McLeod,amcleod1y@netscape.com,Genderqueer,United States
Ole,Gall,ogall1z@jimdo.com,Male,Belarus
Faye,Bryers,fbryers20@purevolume.com,Agender,Nicaragua
Kirstyn,Robet,krobet21@independent.co.uk,Bigender,Canada
Aubine,Rattray,arattray22@ucoz.ru,Bigender,Russia
Bonnibelle,Meriguet,bmeriguet23@sogou.com,Genderfluid,China
Carole,Glaum,cglaum24@lulu.com,Non-binary,China
Von,Lackemann,vlackemann25@mozilla.org,Agender,China
Gabriellia,Riccardo,griccardo26@networksolutions.com,Polygender,Sweden
Anni,MacKall,amackall27@cbc.ca,Non-binary,Morocco
Christoph,Kilgallen,ckilgallen28@instagram.com,Male,Indonesia
Anastasie,Trazzi,atrazzi29@mediafire.com,Non-binary,Indonesia
Jordan,Gronow,jgronow2a@marriott.com,Bigender,China
Melisent,Ratie,mratie2b@whitehouse.gov,Non-binary,China
Jannel,Martinho,jmartinho2c@sbwire.com,Male,Ecuador
Mischa,Tuppeny,mtuppeny2d@people.com.cn,Genderqueer,Bulgaria
Dominique,Guildford,dguildford2e@over-blog.com,Bigender,Poland
Sal,Leynagh,sleynagh2f@jiathis.com,Non-binary,Poland
Glenden,Giannazzi,ggiannazzi2g@163.com,Non-binary,Tokelau
Francine,Rumming,frumming2h@toplist.cz,Female,China
Alfy,Uwins,auwins2i@hostgator.com,Non-binary,Indonesia
Danni,Patience,dpatience2j@nyu.edu,Polygender,China
Selle,Steel,ssteel2k@goo.gl,Non-binary,Indonesia
Aldric,Guilliland,aguilliland2l@bbb.org,Non-binary,United Kingdom
Tremain,Drewett,tdrewett2m@myspace.com,Genderqueer,China
David,Claisse,dclaisse2n@unblog.fr,Agender,Russia
Chrotoem,Howgego,chowgego2o@unc.edu,Male,Sweden
Hillyer,Mardlin,hmardlin2p@is.gd,Agender,Finland
Othella,Hourston,ohourston2q@ehow.com,Female,Indonesia
Leilah,Jahan,ljahan2r@phpbb.com,Non-binary,Indonesia
Othelia,Bown,obown2s@eepurl.com,Bigender,Syria
Garrick,Novacek,gnovacek2t@hp.com,Female,Indonesia
Alfy,Oldroyde,aoldroyde2u@java.com,Male,Ukraine
Lalo,Diprose,ldiprose2v@webnode.com,Genderfluid,Indonesia
Duane,Fairey,dfairey2w@ucoz.ru,Male,Angola
Chen,Prendergrast,cprendergrast2x@lulu.com,Polygender,Russia
Etienne,Carleman,ecarleman2y@ocn.ne.jp,Genderqueer,Malaysia
Whitman,Librey,wlibrey2z@bluehost.com,Female,Indonesia
Luelle,Kitchingman,lkitchingman30@chron.com,Male,China
Kip,Ingyon,kingyon31@bigcartel.com,Agender,China
Symon,Flanne,sflanne32@google.ru,Agender,Guam
Erastus,Fundell,efundell33@smh.com.au,Polygender,Eritrea
Tirrell,Smallbone,tsmallbone34@cafepress.com,Bigender,Portugal
Micki,Boecke,mboecke35@t-online.de,Non-binary,Chad
Edsel,Bottoner,ebottoner36@constantcontact.com,Female,Netherlands
Bendix,Vedishchev,bvedishchev37@delicious.com,Genderfluid,China
Myer,Curling,mcurling38@sbwire.com,Genderqueer,Colombia
Prentiss,Gartrell,pgartrell39@cargocollective.com,Agender,Brazil
Helaine,Iwanicki,hiwanicki3a@google.cn,Genderqueer,Philippines
Elka,Gerasch,egerasch3b@nationalgeographic.com,Non-binary,Portugal
Waverley,Debrick,wdebrick3c@themeforest.net,Genderqueer,Nepal
Hervey,Denniss,hdenniss3d@ca.gov,Genderqueer,Bosnia and Herzegovina
Vivi,Denk,vdenk3e@miibeian.gov.cn,Agender,Russia
Oliy,Duffrie,oduffrie3f@icio.us,Female,Indonesia
Corina,Munnings,cmunnings3g@cnn.com,Genderqueer,Philippines
Gaspar,Allmen,gallmen3h@about.com,Genderfluid,Poland
Pascale,Humble,phumble3i@mozilla.com,Polygender,United Kingdom
Cordelie,Allitt,callitt3j@google.fr,Non-binary,Bulgaria
Gypsy,Gepson,ggepson3k@redcross.org,Polygender,Germany
Alysa,Caulliere,acaulliere3l@i2i.jp,Agender,Brazil
Dulcinea,Kubyszek,dkubyszek3m@rakuten.co.jp,Male,Philippines
Hildy,Triner,htriner3n@xrea.com,Agender,United States
Carlyle,Birtwisle,cbirtwisle3o@nba.com,Polygender,Morocco
Joan,Karchewski,jkarchewski3p@purevolume.com,Polygender,China
Clio,Frick,cfrick3q@loc.gov,Non-binary,Mongolia
Moria,Mangon,mmangon3r@icq.com,Genderfluid,China
Waylin,Fass,wfass3s@weibo.com,Genderfluid,Indonesia
Joelle,Di Lucia,jdilucia3t@yellowpages.com,Non-binary,Latvia
Federico,Ashforth,fashforth3u@ox.ac.uk,Polygender,Indonesia
Anthea,Hallum,ahallum3v@wikispaces.com,Genderfluid,Argentina
Pattie,Mitkin,pmitkin3w@fema.gov,Female,China
Trudy,Vasilyonok,tvasilyonok3x@sbwire.com,Male,China
Roselia,Thompstone,rthompstone3y@behance.net,Bigender,Indonesia
Ilsa,Murrill,imurrill3z@senate.gov,Genderqueer,Poland
Zeke,Lindbergh,zlindbergh40@prweb.com,Genderfluid,China
Frannie,Ianniello,fianniello41@themeforest.net,Non-binary,Russia
Tracie,Sinott,tsinott42@hao123.com,Male,China
Zuzana,Borwick,zborwick43@printfriendly.com,Female,China
Albina,Rosone,arosone44@sogou.com,Polygender,Brazil
Sapphira,Linch,slinch45@sogou.com,Female,Portugal
Barbaraanne,Mickan,bmickan46@nhs.uk,Agender,Indonesia
Putnem,Arcase,parcase47@vistaprint.com,Agender,China
Kelsy,Paprotny,kpaprotny48@cnet.com,Polygender,Philippines
Sean,Kira,skira49@cnn.com,Female,Philippines
Junie,Pauncefort,jpauncefort4a@weebly.com,Genderqueer,China
Edan,Hort,ehort4b@prlog.org,Agender,Russia
Shepard,Aldrick,saldrick4c@princeton.edu,Agender,France
Kalila,McKinn,kmckinn4d@wiley.com,Genderqueer,Guatemala
Nana,Terne,nterne4e@bloomberg.com,Agender,Indonesia
Dixie,Birt,dbirt4f@youtu.be,Polygender,China
Mandy,Pauley,mpauley4g@reverbnation.com,Genderfluid,United States
Odelinda,Hamstead,ohamstead4h@comcast.net,Polygender,Armenia
Isidoro,Lodeke,ilodeke4i@wordpress.com,Genderfluid,Ukraine
Burtie,Sorby,bsorby4j@bloglines.com,Bigender,Peru
Umberto,Gartan,ugartan4k@ifeng.com,Non-binary,Sweden
Hedwiga,Swinburn,hswinburn4l@wisc.edu,Female,Portugal
Gilligan,Descroix,gdescroix4m@nsw.gov.au,Non-binary,United States
Corinne,Pescud,cpescud4n@utexas.edu,Genderqueer,Botswana
Kinnie,Hedges,khedges4o@wufoo.com,Polygender,Poland
Reuben,Ourtic,rourtic4p@youtube.com,Agender,Honduras
Emmott,Primmer,eprimmer4q@uiuc.edu,Bigender,Indonesia
Rock,Downing,rdowning4r@ezinearticles.com,Agender,Indonesia
Benedetta,Yurkiewicz,byurkiewicz4s@hugedomains.com,Male,Poland
Nari,Millberg,nmillberg4t@facebook.com,Polygender,Poland
Elbertina,Tinline,etinline4u@dailymotion.com,Agender,France
Ardra,Broad,abroad4v@1und1.de,Bigender,Indonesia
Lenette,Ralfe,lralfe4w@furl.net,Genderqueer,Georgia
Alex,Folan,afolan4x@nytimes.com,Bigender,Portugal
Alisun,Inder,ainder4y@hao123.com,Genderqueer,Kazakhstan
Wain,Deegin,wdeegin4z@salon.com,Genderfluid,China
Miguel,Paszak,mpaszak50@multiply.com,Genderqueer,Chile
Archibold,Deerness,adeerness51@sohu.com,Agender,Tunisia
Marjy,Loughan,mloughan52@gravatar.com,Bigender,China
Daniela,Burwin,dburwin53@storify.com,Bigender,Colombia
Aldo,Maven,amaven54@opera.com,Bigender,"Bonaire, Saint Eustatius and Saba "
Wilone,Kirkbright,wkirkbright55@ask.com,Bigender,China
Em,Lowndsborough,elowndsborough56@163.com,Agender,Palestinian Territory
Rosaleen,Taig,rtaig57@un.org,Polygender,China
Brewer,Gillian,bgillian58@meetup.com,Bigender,Honduras
Daren,Raithby,draithby59@comcast.net,Genderqueer,Russia
Cybill,Hamlett,chamlett5a@live.com,Agender,Portugal
Karlotte,Duiged,kduiged5b@hud.gov,Genderfluid,Portugal
Alfons,Lonnon,alonnon5c@google.com,Polygender,Indonesia
Marve,Niesegen,mniesegen5d@blinklist.com,Agender,Armenia
Henrieta,McCarle,hmccarle5e@unblog.fr,Genderqueer,China
Scotti,Siddaley,ssiddaley5f@surveymonkey.com,Polygender,Indonesia
Caroline,Freddi,cfreddi5g@discuz.net,Non-binary,Russia
Malachi,Whitlock,mwhitlock5h@webnode.com,Polygender,China
Brandise,Cottingham,bcottingham5i@gnu.org,Agender,Philippines
Cesya,Canto,ccanto5j@washington.edu,Male,Indonesia
Pavlov,Reinhard,preinhard5k@theguardian.com,Polygender,Portugal
Malvina,Himsworth,mhimsworth5l@uiuc.edu,Female,Philippines
Caritta,Hewes,chewes5m@businesswire.com,Polygender,China
Neila,Crosby,ncrosby5n@miibeian.gov.cn,Genderqueer,Nepal
Emilia,Kift,ekift5o@ucoz.com,Bigender,Venezuela
Boris,Ganforth,bganforth5p@edublogs.org,Non-binary,Indonesia
Marje,Sherrock,msherrock5q@nydailynews.com,Polygender,China
Alain,Euplate,aeuplate5r@163.com,Female,Argentina
Hy,Goodliffe,hgoodliffe5s@imageshack.us,Bigender,Nigeria
Conan,Bohan,cbohan5t@domainmarket.com,Genderqueer,Tunisia
Kaspar,Woodger,kwoodger5u@mozilla.com,Genderfluid,Vietnam
Clemente,Bosworth,cbosworth5v@gov.uk,Bigender,Kyrgyzstan
Otto,Dallewater,odallewater5w@independent.co.uk,Agender,Russia
Celene,Vertigan,cvertigan5x@mlb.com,Agender,Indonesia
Lynnet,Gartrell,lgartrell5y@ted.com,Bigender,Indonesia
Nobie,Berzen,nberzen5z@globo.com,Female,Czech Republic
Caressa,Burkin,cburkin60@chron.com,Genderqueer,Poland
Aime,Tomasello,atomasello61@mac.com,Agender,Finland
Merilee,Mathieson,mmathieson62@ameblo.jp,Genderqueer,Greece
Asia,Pearman,apearman63@infoseek.co.jp,Genderqueer,China
Codie,Steggles,csteggles64@indiatimes.com,Agender,Sri Lanka
Westbrook,Darree,wdarree65@geocities.jp,Bigender,Brazil
Bendix,Edwin,bedwin66@wordpress.com,Genderfluid,Japan
Anabel,Shadwick,ashadwick67@latimes.com,Bigender,Sweden
Clair,Filyashin,cfilyashin68@google.de,Non-binary,Canada
Erie,Camois,ecamois69@wikipedia.org,Genderqueer,Indonesia
Murdoch,McIllroy,mmcillroy6a@technorati.com,Female,Philippines
Domenic,Klesse,dklesse6b@fema.gov,Genderqueer,Belarus
Ernesta,Collyear,ecollyear6c@sakura.ne.jp,Female,Morocco
Annora,Tucknott,atucknott6d@reverbnation.com,Genderqueer,China
Lowell,Doret,ldoret6e@hexun.com,Agender,Vietnam
Adelaida,Salery,asalery6f@telegraph.co.uk,Non-binary,Thailand
Othella,Hexham,ohexham6g@npr.org,Polygender,United States
Kayley,Foucard,kfoucard6h@ebay.com,Non-binary,Thailand
Frederique,Penwright,fpenwright6i@newsvine.com,Male,Morocco
Dev,Gidney,dgidney6j@tripadvisor.com,Bigender,Ukraine
Clem,Snedden,csnedden6k@ocn.ne.jp,Bigender,China
Sophronia,Duffit,sduffit6l@ycombinator.com,Genderfluid,Czech Republic
Loria,Cavolini,lcavolini6m@sina.com.cn,Genderqueer,Russia
Clim,Allsobrook,callsobrook6n@digg.com,Polygender,Russia
Bartie,Abrahamovitz,babrahamovitz6o@admin.ch,Male,Nigeria
Noll,Coverlyn,ncoverlyn6p@sun.com,Genderfluid,China
Lorenzo,Letcher,lletcher6q@plala.or.jp,Male,Macedonia
Kelley,Gowdridge,kgowdridge6r@tinyurl.com,Male,China
Jason,Finlason,jfinlason6s@ow.ly,Genderfluid,Portugal
Jolynn,Birtwisle,jbirtwisle6t@marriott.com,Female,Syria
Kassey,Errichelli,kerrichelli6u@ustream.tv,Genderfluid,France
Moe,Eusden,meusden6v@abc.net.au,Agender,Armenia
Shel,Alcorn,salcorn6w@geocities.jp,Male,Czech Republic
Lucian,Milbank,lmilbank6x@uol.com.br,Agender,Russia
Sinclair,Lis,slis6y@arstechnica.com,Bigender,Saudi Arabia
Ilka,Thebeau,ithebeau6z@fastcompany.com,Female,Russia
Kimball,Drynan,kdrynan70@irs.gov,Polygender,China
Waverley,Churchard,wchurchard71@ning.com,Female,Russia
Geralda,Allain,gallain72@yolasite.com,Bigender,Ireland
Brandise,Moulsdale,bmoulsdale73@wp.com,Female,Indonesia
Sullivan,Emnoney,semnoney74@google.fr,Genderqueer,France
Peggi,Ginni,pginni75@gravatar.com,Agender,Indonesia
Verna,Cicerone,vcicerone76@oaic.gov.au,Bigender,Thailand
Devin,Jessup,djessup77@elpais.com,Agender,Estonia
Priscella,Evangelinos,pevangelinos78@usatoday.com,Female,Malaysia
Anthe,Budcock,abudcock79@cam.ac.uk,Polygender,Malaysia
Jobie,Hammerberg,jhammerberg7a@youtu.be,Genderqueer,Poland
Clayson,Labrone,clabrone7b@sun.com,Polygender,China
Blair,Sellwood,bsellwood7c@eventbrite.com,Bigender,Canada
Kriste,Georgievski,kgeorgievski7d@tripadvisor.com,Bigender,Ukraine
Claudelle,Drover,cdrover7e@thetimes.co.uk,Genderqueer,Cuba
Bald,Baynham,bbaynham7f@networksolutions.com,Female,Philippines
Kirbee,Jull,kjull7g@i2i.jp,Agender,Poland
Mella,Bettis,mbettis7h@examiner.com,Male,Croatia
Deane,Barbour,dbarbour7i@ning.com,Non-binary,Portugal
Monte,Branca,mbranca7j@squarespace.com,Bigender,China
Rayner,Pischof,rpischof7k@plala.or.jp,Female,Portugal
Rudy,Ebbrell,rebbrell7l@flavors.me,Female,China
Britt,Castagneto,bcastagneto7m@vkontakte.ru,Genderfluid,Brazil
Baxie,Measham,bmeasham7n@nhs.uk,Polygender,Indonesia
Pincus,Cadigan,pcadigan7o@hugedomains.com,Genderfluid,Argentina
Ives,Joriot,ijoriot7p@aol.com,Agender,Moldova
Almeda,Pietri,apietri7q@ehow.com,Genderqueer,Palestinian Territory
Othello,Mooring,omooring7r@toplist.cz,Female,China
Sheelah,Blunsum,sblunsum7s@ucoz.com,Polygender,New Zealand
Gregoor,Flintoff,gflintoff7t@artisteer.com,Genderqueer,Malaysia
Andeee,Skeats,askeats7u@youtu.be,Non-binary,United States
Doralyn,Kobpal,dkobpal7v@phoca.cz,Agender,China
Ollie,Eliet,oeliet7w@vimeo.com,Male,Czech Republic
Marcel,Ferreira,mferreira7x@timesonline.co.uk,Male,Argentina
Jocko,Mieville,jmieville7y@amazonaws.com,Genderqueer,Netherlands
Catrina,Rutherford,crutherford7z@trellian.com,Polygender,Poland
Fons,Farrah,ffarrah80@gnu.org,Genderqueer,Sierra Leone
Georgianna,Langstrath,glangstrath81@1und1.de,Genderqueer,Indonesia
Carlota,Monard,cmonard82@accuweather.com,Male,Philippines
Egor,Groven,egroven83@arizona.edu,Male,Indonesia
Nara,Warfield,nwarfield84@pen.io,Polygender,France
Courtnay,Manlow,cmanlow85@webeden.co.uk,Agender,Ukraine
Cthrine,Stitcher,cstitcher86@woothemes.com,Non-binary,Nigeria
Fidelity,Gally,fgally87@privacy.gov.au,Genderfluid,France
Joleen,Greenin,jgreenin88@sun.com,Agender,Denmark
Cherilynn,MacGruer,cmacgruer89@scribd.com,Male,China
Waring,Smith,wsmith8a@prlog.org,Polygender,China
Sioux,Keefe,skeefe8b@narod.ru,Bigender,France
Adey,Ladds,aladds8c@samsung.com,Non-binary,China
Bendix,Kilkenny,bkilkenny8d@indiatimes.com,Male,China
Coral,Burles,cburles8e@flickr.com,Agender,Indonesia
Lemuel,Dilleston,ldilleston8f@netscape.com,Female,China
Ivor,Robet,irobet8g@chicagotribune.com,Genderfluid,Russia
Myrilla,Arnet,marnet8h@seesaa.net,Polygender,Argentina
Gael,Moyle,gmoyle8i@pen.io,Female,Philippines
Salomi,Devanny,sdevanny8j@oakley.com,Male,China
Berenice,Dakhno,bdakhno8k@arstechnica.com,Female,China
Smitty,Le Franc,slefranc8l@freewebs.com,Female,China
Myrwyn,Mazzeo,mmazzeo8m@bandcamp.com,Agender,China
Brigham,Jaskowicz,bjaskowicz8n@kickstarter.com,Bigender,Canada
Clarey,Bansal,cbansal8o@jalbum.net,Non-binary,Russia
Stanfield,Emblin,semblin8p@umn.edu,Male,Argentina
Piper,Dumphries,pdumphries8q@sfgate.com,Female,Moldova
Ardys,Bainbridge,abainbridge8r@china.com.cn,Female,Indonesia
Baird,Duhig,bduhig8s@telegraph.co.uk,Genderfluid,China
Harlen,Karlowicz,hkarlowicz8t@privacy.gov.au,Non-binary,China
Jeff,Benion,jbenion8u@barnesandnoble.com,Bigender,Indonesia
Marsh,Longina,mlongina8v@techcrunch.com,Bigender,Vietnam
Torey,Manoelli,tmanoelli8w@google.de,Non-binary,France
Sherlock,Tudball,studball8x@imdb.com,Non-binary,Canada
Annabel,Roseman,aroseman8y@nbcnews.com,Female,Portugal
Evonne,Slowgrove,eslowgrove8z@hp.com,Bigender,Poland
Emmie,Rodenburgh,erodenburgh90@cafepress.com,Genderfluid,Azerbaijan
Nance,Coye,ncoye91@fotki.com,Non-binary,China
Darrick,Winscom,dwinscom92@hhs.gov,Bigender,Russia
Wren,Silbermann,wsilbermann93@bizjournals.com,Non-binary,Indonesia
Wendye,Leehane,wleehane94@topsy.com,Bigender,Mauritius
Malchy,Carnihan,mcarnihan95@google.com,Agender,China
Bell,Hedge,bhedge96@hubpages.com,Bigender,China
Skipper,Brafferton,sbrafferton97@so-net.ne.jp,Agender,China
Angelica,Garrick,agarrick98@xing.com,Agender,Greece
Katinka,Woolham,kwoolham99@java.com,Genderfluid,Finland
Wolfy,Mallinar,wmallinar9a@hao123.com,Male,Honduras
Carol-jean,Pagelsen,cpagelsen9b@foxnews.com,Polygender,Indonesia
Evelin,Persich,epersich9c@weibo.com,Bigender,Guatemala
Carita,Bakeup,cbakeup9d@ucoz.com,Genderfluid,Czech Republic
Ardyce,Downgate,adowngate9e@cbc.ca,Female,China
Lorna,Arias,larias9f@yale.edu,Bigender,China
Hobard,Kaaskooper,hkaaskooper9g@cbsnews.com,Male,Ukraine
Robinia,Aish,raish9h@nifty.com,Genderqueer,Zimbabwe
Vivianna,Croal,vcroal9i@salon.com,Female,Poland
Frank,Gumbrell,fgumbrell9j@patch.com,Bigender,China
Isaak,Zettler,izettler9k@army.mil,Bigender,Philippines
Sibyl,Keyho,skeyho9l@constantcontact.com,Bigender,Ukraine
Chance,Slowley,cslowley9m@nydailynews.com,Bigender,China
Henrik,Summerhayes,hsummerhayes9n@independent.co.uk,Polygender,Portugal
Matteo,Wauchope,mwauchope9o@odnoklassniki.ru,Genderfluid,Malaysia
Yankee,Coldrick,ycoldrick9p@zimbio.com,Genderqueer,Colombia
Oswell,Dossetter,odossetter9q@loc.gov,Bigender,China
Broddy,Kaes,bkaes9r@meetup.com,Polygender,China
Loreen,Kramer,lkramer9s@amazon.com,Agender,Peru
Davina,Pinnington,dpinnington9t@jimdo.com,Polygender,Indonesia
Aurlie,Digger,adigger9u@csmonitor.com,Bigender,Afghanistan
Curtis,Yesichev,cyesichev9v@ca.gov,Male,France
Lefty,Boate,lboate9w@google.co.uk,Female,Poland
Harriett,Trubshawe,htrubshawe9x@epa.gov,Non-binary,Colombia
Melissa,Canet,mcanet9y@meetup.com,Genderqueer,Indonesia
Kelvin,Flohard,kflohard9z@geocities.com,Female,Cuba
Zackariah,Hearnaman,zhearnamana0@behance.net,Genderfluid,Georgia
Lammond,McEvilly,lmcevillya1@answers.com,Agender,France
Artemis,Moncey,amonceya2@people.com.cn,Female,Japan
Lilith,Mackney,lmackneya3@fc2.com,Non-binary,Brazil
Pace,Pamplin,ppamplina4@jimdo.com,Polygender,Indonesia
Odille,McQuaid,omcquaida5@house.gov,Non-binary,Philippines
Winne,Lent,wlenta6@e-recht24.de,Male,Paraguay
Barnaby,Eldridge,beldridgea7@wordpress.com,Non-binary,China
Joli,Proudley,jproudleya8@ocn.ne.jp,Bigender,China
Lenci,Such,lsucha9@jimdo.com,Agender,Mongolia
Carena,Tuvey,ctuveyaa@businesswire.com,Male,Jamaica
Nixie,Braunfeld,nbraunfeldab@ebay.com,Non-binary,South Korea
Nolana,Berkley,nberkleyac@pbs.org,Genderqueer,Kazakhstan
Neel,Van Merwe,nvanmerwead@geocities.com,Genderqueer,Democratic Republic of the Congo
Ethelda,Schwaiger,eschwaigerae@tmall.com,Agender,South Korea
Alvin,Falks,afalksaf@mysql.com,Agender,Yemen
Darcy,Demchen,ddemchenag@unc.edu,Bigender,Indonesia
Nelie,Furney,nfurneyah@goo.gl,Genderqueer,Pakistan
Gabi,Blaxall,gblaxallai@cbc.ca,Non-binary,Indonesia
Fleur,Gulliver,fgulliveraj@51.la,Genderqueer,Indonesia
Bellina,Booeln,bbooelnak@cornell.edu,Polygender,French Guiana
Milli,Devons,mdevonsal@spiegel.de,Non-binary,Ukraine
Kerrie,Vasishchev,kvasishchevam@nydailynews.com,Female,China
Janette,Marchi,jmarchian@google.it,Male,Canada
Klaus,Biasini,kbiasiniao@netlog.com,Agender,Peru
Arty,Fullom,afullomap@yale.edu,Female,China
Mariellen,Philot,mphilotaq@wufoo.com,Genderqueer,China
Rodi,Grob,rgrobar@sciencedirect.com,Genderfluid,Poland
Constance,Keane,ckeaneas@chicagotribune.com,Genderqueer,Russia
Frannie,Eddowes,feddowesat@sogou.com,Non-binary,China
Cristabel,Giaomozzo,cgiaomozzoau@addtoany.com,Bigender,Norway
Maribelle,Castanyer,mcastanyerav@google.ru,Genderfluid,China
Alix,Laxon,alaxonaw@columbia.edu,Non-binary,Russia
Burnaby,Leeke,bleekeax@ehow.com,Polygender,Cuba
Ryley,Ternouth,rternouthay@shutterfly.com,Female,Ireland
Cherish,Ayton,caytonaz@nydailynews.com,Male,Iran
Maura,Giannini,mgianninib0@whitehouse.gov,Male,Russia
Shellysheldon,Bellwood,sbellwoodb1@marketwatch.com,Agender,China
Daryn,Haddow,dhaddowb2@wunderground.com,Male,Indonesia
Mina,Varndall,mvarndallb3@privacy.gov.au,Polygender,China
Wandie,Seyfart,wseyfartb4@wisc.edu,Genderfluid,Burkina Faso
Joanna,Shirt,jshirtb5@surveymonkey.com,Non-binary,Poland
Forbes,Whyman,fwhymanb6@1688.com,Polygender,Indonesia
Ronda,Castanone,rcastanoneb7@ox.ac.uk,Non-binary,China
Starr,Duker,sdukerb8@oakley.com,Male,China
Whittaker,Parnaby,wparnabyb9@guardian.co.uk,Agender,Libya
Sloan,Shilliday,sshillidayba@hubpages.com,Non-binary,China
Mel,Hulke,mhulkebb@timesonline.co.uk,Genderqueer,Maldives
Whittaker,Hartfleet,whartfleetbc@nydailynews.com,Non-binary,Indonesia
Giselle,Paffett,gpaffettbd@biblegateway.com,Male,Philippines
Addia,Spieck,aspieckbe@thetimes.co.uk,Non-binary,Philippines
Linet,Hughes,lhughesbf@wikia.com,Male,Indonesia
Janela,Hatwells,jhatwellsbg@hao123.com,Male,Poland
Coletta,Hryskiewicz,chryskiewiczbh@redcross.org,Male,China
Jemimah,De Brett,jdebrettbi@skyrock.com,Non-binary,Bolivia
Maynard,Blenkinship,mblenkinshipbj@geocities.jp,Non-binary,Portugal
Francesca,Stolle,fstollebk@census.gov,Non-binary,Indonesia
Nance,Filpi,nfilpibl@engadget.com,Agender,Portugal
Sheppard,Marty,smartybm@abc.net.au,Genderqueer,China
Gwenora,Featherby,gfeatherbybn@msu.edu,Non-binary,France
Kiah,Stopher,kstopherbo@behance.net,Genderfluid,Slovenia
Mack,Enright,menrightbp@marriott.com,Polygender,Portugal
Matthew,Hulett,mhulettbq@wordpress.com,Non-binary,Indonesia
Arron,Humber,ahumberbr@twitpic.com,Non-binary,China
Jerry,Jesse,jjessebs@opensource.org,Bigender,Ukraine
Gaile,Spickett,gspickettbt@taobao.com,Female,Pakistan
Dalton,Mompesson,dmompessonbu@discovery.com,Bigender,Russia
Alf,Gotcher,agotcherbv@t-online.de,Male,France
Stacie,Jenken,sjenkenbw@delicious.com,Genderqueer,Russia
Maurita,Dorbon,mdorbonbx@webmd.com,Agender,Ethiopia
Dave,Geistmann,dgeistmannby@dmoz.org,Non-binary,Ukraine
Onfre,Dowson,odowsonbz@macromedia.com,Bigender,Germany
Maddalena,Bello,mbelloc0@webeden.co.uk,Male,Indonesia
Nancee,Millyard,nmillyardc1@washington.edu,Male,China
Annadiana,Darrell,adarrellc2@slate.com,Polygender,Thailand
Fredi,Houlworth,fhoulworthc3@ft.com,Genderfluid,Peru
Jesse,Lowmass,jlowmassc4@paginegialle.it,Agender,Russia
Rickard,Scalia,rscaliac5@sciencedaily.com,Polygender,Canada
Haleigh,Ludlow,hludlowc6@eventbrite.com,Female,Indonesia
Massimo,Soro,msoroc7@cornell.edu,Female,Poland
Agata,Wiggall,awiggallc8@ca.gov,Agender,China
Freemon,Glanester,fglanesterc9@weibo.com,Male,Canada
Maiga,Stidever,mstideverca@facebook.com,Male,Palestinian Territory
Ashlee,Latimer,alatimercb@comsenz.com,Bigender,Greece
Emlyn,Smurthwaite,esmurthwaitecc@feedburner.com,Polygender,Philippines
Ozzy,De Courtney,odecourtneycd@studiopress.com,Non-binary,Peru
Peyter,Austen,paustence@toplist.cz,Polygender,Poland
Hildegaard,Nisuis,hnisuiscf@delicious.com,Genderqueer,Afghanistan
Berne,Kingzet,bkingzetcg@webeden.co.uk,Genderqueer,Portugal
Renard,Silbert,rsilbertch@creativecommons.org,Polygender,Czech Republic
Dud,Redsell,dredsellci@apache.org,Genderfluid,Russia
Marge,Thunders,mthunderscj@xrea.com,Female,Ivory Coast
Cosme,McCrohon,cmccrohonck@nature.com,Agender,Colombia
Arvie,Jessen,ajessencl@ox.ac.uk,Male,Gambia
Lodovico,Fazakerley,lfazakerleycm@godaddy.com,Male,Japan
Garwin,Jemmett,gjemmettcn@php.net,Genderfluid,China
Chas,Aldwinckle,caldwinckleco@spiegel.de,Agender,Dominican Republic
Carlina,Caplin,ccaplincp@berkeley.edu,Female,China
Arley,Castanares,acastanarescq@i2i.jp,Non-binary,China
Corliss,Cristofari,ccristofaricr@sourceforge.net,Bigender,Japan
Even,Waszkiewicz,ewaszkiewiczcs@mozilla.com,Agender,Russia
Tish,Kyberd,tkyberdct@photobucket.com,Polygender,Philippines
Pebrook,McGuggy,pmcguggycu@clickbank.net,Bigender,Portugal
Debora,Mendoza,dmendozacv@domainmarket.com,Polygender,Lithuania
Gray,Bury,gburycw@google.com.hk,Bigender,Afghanistan
Dasha,Jozaitis,djozaitiscx@wired.com,Bigender,Thailand
Ramsey,McNalley,rmcnalleycy@acquirethisname.com,Non-binary,New Zealand
Ira,Kobke,ikobkecz@g.co,Genderfluid,Zimbabwe
Court,Giacovelli,cgiacovellid0@google.com.au,Genderfluid,Poland
Karee,Bosworth,kbosworthd1@jiathis.com,Genderqueer,Portugal
Kane,Lawlings,klawlingsd2@weibo.com,Male,Russia
Gratiana,Forbes,gforbesd3@odnoklassniki.ru,Male,China
Hastings,Prattington,hprattingtond4@amazon.co.jp,Bigender,United States
Aeriela,Ertelt,aerteltd5@timesonline.co.uk,Agender,Mexico
Helsa,Oakey,hoakeyd6@umich.edu,Non-binary,China
Sayres,Westbury,swestburyd7@a8.net,Genderfluid,China
Bryn,Snellman,bsnellmand8@un.org,Genderfluid,Peru
Haze,Small,hsmalld9@mlb.com,Genderqueer,Sweden
Anjela,Stelljes,astelljesda@nydailynews.com,Female,Barbados
Yvon,Pachta,ypachtadb@house.gov,Genderfluid,Jordan
Sissie,Philps,sphilpsdc@cam.ac.uk,Polygender,Japan
Alvis,Rangle,arangledd@kickstarter.com,Male,Russia
Ivory,Scane,iscanede@newyorker.com,Male,Kenya
Aylmar,Whatham,awhathamdf@omniture.com,Bigender,China
Paddy,Whyffen,pwhyffendg@hc360.com,Polygender,Palestinian Territory
Mimi,Orto,mortodh@shop-pro.jp,Male,Botswana
Alina,Heyball,aheyballdi@telegraph.co.uk,Genderfluid,Sweden
Lonee,Kitchenham,lkitchenhamdj@yale.edu,Genderfluid,Philippines
Luelle,Cantua,lcantuadk@chron.com,Male,Indonesia
Bernadene,Kleiner,bkleinerdl@who.int,Male,Cuba
Malory,Keilloh,mkeillohdm@prlog.org,Genderfluid,Mexico
Bondy,Ericsson,bericssondn@lycos.com,Agender,Yemen
Carissa,Blurton,cblurtondo@nature.com,Genderqueer,Uzbekistan
Shepherd,Stainland,sstainlanddp@themeforest.net,Polygender,Indonesia
Orville,Sellors,osellorsdq@cisco.com,Non-binary,Croatia
Sebastien,Jeacock,sjeacockdr@abc.net.au,Male,Canada
Adlai,Borsi,aborsids@reference.com,Male,Ukraine
Kerry,Exelby,kexelbydt@nationalgeographic.com,Genderfluid,Philippines
Stacy,Walthall,swalthalldu@creativecommons.org,Genderfluid,Russia
Maryanne,Bayston,mbaystondv@npr.org,Male,Comoros
Flossy,MacVicar,fmacvicardw@boston.com,Polygender,Vietnam
Elli,MacRonald,emacronalddx@jiathis.com,Polygender,Brazil
Susi,Ellison,sellisondy@netlog.com,Genderqueer,China
Mallory,Collinwood,mcollinwooddz@geocities.com,Male,Indonesia
Gretta,Hallatt,ghallatte0@samsung.com,Genderfluid,Canada
Brady,Blackall,bblackalle1@creativecommons.org,Male,Poland
Winnie,Clausewitz,wclausewitze2@histats.com,Non-binary,Germany
Bridgette,O'Dyvoie,bodyvoiee3@tuttocitta.it,Genderqueer,Greece
Robbie,Chalkly,rchalklye4@census.gov,Non-binary,Peru
Henderson,Scandwright,hscandwrighte5@tumblr.com,Genderfluid,Bosnia and Herzegovina
Jerrome,Carthew,jcarthewe6@so-net.ne.jp,Bigender,Philippines
Sandi,Lickorish,slickorishe7@yellowbook.com,Non-binary,Russia
Ellary,Lusher,elushere8@e-recht24.de,Polygender,China
Lucille,Schoolfield,lschoolfielde9@hostgator.com,Genderqueer,China
Rafi,Pablos,rpablosea@hao123.com,Bigender,China
Bowie,Stammers,bstammerseb@google.co.uk,Non-binary,China
Amii,Searight,asearightec@illinois.edu,Polygender,Russia
Neysa,Deinhard,ndeinharded@jalbum.net,Genderfluid,Monaco
Hollyanne,Simanenko,hsimanenkoee@exblog.jp,Male,Philippines
Lorene,Osbourn,losbournef@twitter.com,Genderfluid,Indonesia
Marleen,McDermott,mmcdermotteg@cisco.com,Female,Greece
Bertie,Nuccitelli,bnuccitellieh@cbsnews.com,Male,Ukraine
Selia,Pee,speeei@apple.com,Genderfluid,South Korea
Julietta,McCheyne,jmccheyneej@a8.net,Bigender,Macedonia
Drucill,Pain,dpainek@tripadvisor.com,Polygender,Iran
Corrina,Hughill,chughillel@friendfeed.com,Genderqueer,Portugal
Tish,Stone,tstoneem@marketwatch.com,Non-binary,Poland
Rania,Craiker,rcraikeren@yahoo.com,Non-binary,Philippines
Nana,Houlden,nhouldeneo@smh.com.au,Polygender,Philippines
Reinold,Emms,remmsep@chron.com,Male,Canada
Elinore,Popplestone,epopplestoneeq@imdb.com,Male,Afghanistan
Pedro,Greenside,pgreensideer@fema.gov,Bigender,Indonesia
Iolanthe,Beefon,ibeefones@hugedomains.com,Non-binary,United States
Blair,Rawsthorne,brawsthorneet@washingtonpost.com,Male,China
Tommie,Shower,tshowereu@blinklist.com,Bigender,Chile
Jemmie,Shakeshaft,jshakeshaftev@google.ca,Non-binary,China
Case,Kumar,ckumarew@amazon.com,Non-binary,China
Honor,Seawell,hseawellex@time.com,Male,Panama
Glenn,Ablett,gablettey@utexas.edu,Genderqueer,Ukraine
Teodora,Peile,tpeileez@ucla.edu,Genderfluid,Indonesia
Fernando,Jardin,fjardinf0@altervista.org,Agender,Lithuania
Freedman,Wilsey,fwilseyf1@altervista.org,Male,China
Shaun,Dewdeny,sdewdenyf2@reference.com,Bigender,China
Judd,Hillum,jhillumf3@prlog.org,Non-binary,Poland
Gorden,Fittall,gfittallf4@simplemachines.org,Non-binary,South Africa
Jorgan,Sprade,jspradef5@marriott.com,Female,Myanmar
Tulley,Gorse,tgorsef6@deliciousdays.com,Polygender,China
Beryl,Kinastan,bkinastanf7@cyberchimps.com,Bigender,Poland
Thalia,Sizzey,tsizzeyf8@123-reg.co.uk,Bigender,Peru
Dacey,Evreux,devreuxf9@oaic.gov.au,Polygender,Poland
Elliott,Cuttelar,ecuttelarfa@weebly.com,Female,Brazil
Danita,Grebert,dgrebertfb@biblegateway.com,Female,Cambodia
Jerrine,Darlaston,jdarlastonfc@csmonitor.com,Agender,Brazil
Rhea,Seilmann,rseilmannfd@dell.com,Agender,Sudan
Hilde,De Malchar,hdemalcharfe@columbia.edu,Genderfluid,Indonesia
Val,Paulo,vpauloff@merriam-webster.com,Bigender,China
Magdalene,Donne,mdonnefg@intel.com,Bigender,Philippines
Liane,Trazzi,ltrazzifh@wikimedia.org,Polygender,Afghanistan
Malissa,Meiningen,mmeiningenfi@businesswire.com,Non-binary,China
Ardisj,Olivello,aolivellofj@indiegogo.com,Genderfluid,China
Adolf,Novacek,anovacekfk@mit.edu,Agender,Czech Republic
Merill,Riddock,mriddockfl@mtv.com,Genderfluid,Peru
Osborne,Welford,owelfordfm@fotki.com,Genderqueer,Philippines
Carny,Warlawe,cwarlawefn@deliciousdays.com,Male,China
Bunnie,Millions,bmillionsfo@guardian.co.uk,Agender,Ukraine
Maximilien,Cundict,mcundictfp@cnn.com,Female,Sweden
Paxton,Saul,psaulfq@engadget.com,Genderqueer,China
Delmor,Pittendreigh,dpittendreighfr@parallels.com,Agender,Netherlands
Jodie,Calkin,jcalkinfs@oracle.com,Agender,Togo
Nadia,Hearst,nhearstft@washingtonpost.com,Bigender,China
L;urette,Ivison,livisonfu@va.gov,Genderqueer,Philippines
Lissie,Mardy,lmardyfv@usda.gov,Male,China
Nonna,Brockest,nbrockestfw@discovery.com,Genderqueer,Russia
Gerry,Caisley,gcaisleyfx@ebay.co.uk,Polygender,Costa Rica
Derrek,Camellini,dcamellinify@bravesites.com,Genderfluid,Indonesia
Elise,O'Glessane,eoglessanefz@oakley.com,Male,Poland
Daron,Dubock,ddubockg0@blogtalkradio.com,Genderfluid,United States
Abbe,Gomer,agomerg1@adobe.com,Non-binary,Thailand
Kathleen,Hulls,khullsg2@archive.org,Genderfluid,Colombia
Alene,Prendergrast,aprendergrastg3@engadget.com,Polygender,China
Katrinka,Baddam,kbaddamg4@theguardian.com,Polygender,Tanzania
Shaine,Erasmus,serasmusg5@google.com.au,Polygender,Thailand
Preston,Stratton,pstrattong6@icq.com,Genderqueer,China
Rawley,Rizzelli,rrizzellig7@craigslist.org,Male,China
Dalli,Boichat,dboichatg8@scientificamerican.com,Polygender,Sweden
Orazio,Lambole,olamboleg9@blogger.com,Female,Slovenia
Dan,Lutsch,dlutschga@phpbb.com,Non-binary,Russia
Carr,Bartaloni,cbartalonigb@nba.com,Agender,Greece
Brandice,Farloe,bfarloegc@is.gd,Agender,China
Dulci,Cruwys,dcruwysgd@edublogs.org,Female,Malaysia
Vail,Kitchinham,vkitchinhamge@google.com.br,Non-binary,Indonesia
Cyndy,Bedrosian,cbedrosiangf@ifeng.com,Agender,Brazil
Den,Vela,dvelagg@wikipedia.org,Genderqueer,Mexico
Jacynth,Fiddymont,jfiddymontgh@etsy.com,Female,China
Gerrie,Duthie,gduthiegi@yolasite.com,Bigender,Honduras
Joelly,Verissimo,jverissimogj@pinterest.com,Genderqueer,Philippines
Opalina,Coggins,ocogginsgk@bluehost.com,Non-binary,Japan
Gerek,Wombwell,gwombwellgl@gov.uk,Bigender,Greece
Mitch,Godbold,mgodboldgm@cmu.edu,Agender,China
Goober,Maly,gmalygn@friendfeed.com,Agender,Indonesia
Granthem,Oki,gokigo@list-manage.com,Bigender,Brazil
Adriane,Domenichelli,adomenichelligp@storify.com,Genderfluid,Sweden
Wang,Rossbrooke,wrossbrookegq@tamu.edu,Agender,Brazil
Cullin,Hartzog,chartzoggr@sfgate.com,Bigender,China
Alessandra,Macer,amacergs@blogtalkradio.com,Bigender,Indonesia
Modestine,Leyes,mleyesgt@tuttocitta.it,Female,El Salvador
Forster,Dudliston,fdudlistongu@bloglovin.com,Agender,China
Sophronia,Fereday,sferedaygv@yellowpages.com,Female,Sweden
Aloysia,Kinforth,akinforthgw@sogou.com,Female,Mexico
Lotty,Paule,lpaulegx@elpais.com,Polygender,Russia
Olly,Dowse,odowsegy@narod.ru,Bigender,Indonesia
Shay,Curry,scurrygz@prnewswire.com,Genderqueer,Venezuela
Therese,Pipping,tpippingh0@issuu.com,Genderfluid,Indonesia
Christina,Pulster,cpulsterh1@eepurl.com,Genderqueer,Iran
Micah,Osgood,mosgoodh2@hc360.com,Bigender,Philippines
Dareen,Drakeford,ddrakefordh3@prweb.com,Genderfluid,Albania
Norean,Atty,nattyh4@unblog.fr,Polygender,Japan
Dacey,Kennelly,dkennellyh5@psu.edu,Male,China
Eulalie,Klewi,eklewih6@loc.gov,Non-binary,Guatemala
Conchita,Gobel,cgobelh7@narod.ru,Agender,Poland
Kerwinn,Axon,kaxonh8@mediafire.com,Agender,Russia
Jenn,Knappett,jknappetth9@quantcast.com,Female,Sweden
Milena,Baulcombe,mbaulcombeha@census.gov,Agender,Czech Republic
Thorny,Seabourne,tseabournehb@merriam-webster.com,Bigender,Argentina
Gonzalo,Houlison,ghoulisonhc@booking.com,Agender,Portugal
Laurena,Hymor,lhymorhd@rediff.com,Genderfluid,Brazil
Rutger,Lapham,rlaphamhe@constantcontact.com,Genderqueer,Philippines
Tresa,Allebone,tallebonehf@dedecms.com,Male,Ethiopia
Garwin,Coils,gcoilshg@godaddy.com,Polygender,Croatia
Sutherlan,Strutt,sstrutthh@ustream.tv,Female,China
Niki,Chastand,nchastandhi@cafepress.com,Male,China
Darill,Uridge,duridgehj@a8.net,Genderfluid,Sweden
Chauncey,Benedict,cbenedicthk@webnode.com,Male,Hong Kong
Bud,Eisak,beisakhl@studiopress.com,Male,China
Ario,Wynrahame,awynrahamehm@reuters.com,Male,Ukraine
Jodie,Sangster,jsangsterhn@ft.com,Genderfluid,France
Eada,Zuanazzi,ezuanazziho@lycos.com,Non-binary,Sweden
Ignacius,Sleney,isleneyhp@house.gov,Non-binary,Sri Lanka
Rayna,Thominga,rthomingahq@soundcloud.com,Genderfluid,China
Fulvia,Filimore,ffilimorehr@sohu.com,Non-binary,Indonesia
Zachery,Ambroz,zambrozhs@tiny.cc,Male,Japan
Viole,Fulton,vfultonht@berkeley.edu,Genderfluid,United States
Forbes,Wetherald,fwetheraldhu@youtu.be,Genderqueer,China
Lorenzo,Freeth,lfreethhv@qq.com,Polygender,Peru
Nesta,Durtnall,ndurtnallhw@e-recht24.de,Female,Russia
Thorstein,Coale,tcoalehx@biblegateway.com,Polygender,Bangladesh
Giselbert,Rohmer,grohmerhy@bloomberg.com,Genderfluid,Czech Republic
Regen,McLellan,rmclellanhz@dell.com,Genderqueer,Philippines
Kennie,Kings,kkingsi0@hugedomains.com,Bigender,China
Viole,Kenningham,vkenninghami1@java.com,Polygender,South Korea
Karena,Fears,kfearsi2@geocities.jp,Agender,Sweden
Merle,Hardman,mhardmani3@list-manage.com,Non-binary,Vietnam
Emlyn,Gaudin,egaudini4@arstechnica.com,Non-binary,China
Althea,Sher,asheri5@forbes.com,Bigender,China
Sansone,Thying,sthyingi6@miitbeian.gov.cn,Polygender,Germany
Dorie,Chiddy,dchiddyi7@cyberchimps.com,Male,China
Jordan,Gaskamp,jgaskampi8@wired.com,Bigender,Bangladesh
Micaela,Pleavin,mpleavini9@google.co.uk,Genderqueer,Malaysia
Abba,Haysom,ahaysomia@phoca.cz,Agender,Indonesia
Park,Livens,plivensib@bigcartel.com,Genderfluid,Burundi
Seka,Brisard,sbrisardic@hugedomains.com,Agender,Argentina
Albina,Dreng,adrengid@time.com,Genderfluid,Colombia
Mamie,McGrath,mmcgrathie@cdbaby.com,Female,Albania
Nickey,Myhill,nmyhillif@deliciousdays.com,Genderfluid,Russia
Florette,Doers,fdoersig@upenn.edu,Non-binary,Argentina
Ernesta,Livsey,elivseyih@businessweek.com,Bigender,Tanzania
Meier,Annandale,mannandaleii@hhs.gov,Female,Portugal
Brooke,Cairns,bcairnsij@accuweather.com,Female,China
Levi,Saggs,lsaggsik@tinyurl.com,Genderfluid,Thailand
Justis,Wildman,jwildmanil@java.com,Female,Indonesia
Delmer,Sattin,dsattinim@homestead.com,Agender,United States
Marguerite,Stuke,mstukein@redcross.org,Male,Philippines
Jacquie,Ray,jrayio@europa.eu,Male,Brazil
Sholom,Aberkirdo,saberkirdoip@webs.com,Genderfluid,Argentina
Anica,Webburn,awebburniq@hhs.gov,Genderfluid,Czech Republic
Juana,Ruller,jrullerir@dion.ne.jp,Agender,Philippines
Viole,Dalrymple,vdalrympleis@google.ca,Non-binary,Macedonia
Stern,Hugonin,shugoninit@stanford.edu,Polygender,Jamaica
Larine,Wybrew,lwybrewiu@wordpress.com,Agender,Argentina
Benedicto,Milnes,bmilnesiv@storify.com,Non-binary,Nigeria
Yoshi,Lapere,ylapereiw@theglobeandmail.com,Bigender,Ukraine
Chelsae,Caghan,ccaghanix@rediff.com,Bigender,China
Ave,White,awhiteiy@weibo.com,Agender,Poland
Maury,Quail,mquailiz@nps.gov,Genderqueer,Russia
Maire,Lamburn,mlamburnj0@marketwatch.com,Genderfluid,China
Garret,Westpfel,gwestpfelj1@dion.ne.jp,Agender,Malaysia
Brooks,Dumper,bdumperj2@ebay.com,Female,China
Eimile,Swales,eswalesj3@mapy.cz,Genderfluid,Venezuela
Ernest,Vallery,evalleryj4@ed.gov,Female,Indonesia
Charmion,Chad,cchadj5@ucoz.ru,Female,Finland
Noemi,Keam,nkeamj6@google.pl,Male,Pakistan
Audrie,Boyat,aboyatj7@nsw.gov.au,Female,Russia
Bendick,Matschuk,bmatschukj8@amazonaws.com,Non-binary,Indonesia
Renelle,Bahde,rbahdej9@foxnews.com,Genderqueer,Canada
Gabe,Annis,gannisja@comcast.net,Male,Sweden
Opalina,Neal,onealjb@lycos.com,Polygender,China
Fidelity,Britcher,fbritcherjc@altervista.org,Bigender,Brazil
Lynnea,Rulten,lrultenjd@census.gov,Female,Poland
Nadeen,Maddern,nmaddernje@nps.gov,Female,Poland
Aloysius,Wickey,awickeyjf@lycos.com,Agender,Indonesia
Michele,Hurdman,mhurdmanjg@symantec.com,Agender,Russia
Gunar,Oki,gokijh@woothemes.com,Non-binary,Philippines
Adrea,Challender,achallenderji@tripadvisor.com,Non-binary,Philippines
Bendicty,Geindre,bgeindrejj@scientificamerican.com,Genderqueer,China
Christoper,Whitecross,cwhitecrossjk@weather.com,Genderqueer,Sweden
Pammy,Duff,pduffjl@mlb.com,Male,Indonesia
Blakelee,Hrinchishin,bhrinchishinjm@de.vu,Agender,Indonesia
Gerta,Lomasny,glomasnyjn@irs.gov,Male,Russia
Leann,Bruin,lbruinjo@businesswire.com,Female,Russia
Beverley,Ginni,bginnijp@jalbum.net,Polygender,Indonesia
Maurizia,Tumayan,mtumayanjq@sohu.com,Bigender,China
Lisetta,Delf,ldelfjr@jiathis.com,Non-binary,Canada
Sammie,Saer,ssaerjs@scribd.com,Female,Indonesia
Jessey,Tellesson,jtellessonjt@census.gov,Bigender,Namibia
Gypsy,Dahlman,gdahlmanju@com.com,Agender,Poland
Tiffany,Meachan,tmeachanjv@tinyurl.com,Polygender,Brazil
Aldo,Appleby,aapplebyjw@japanpost.jp,Female,Russia
Katey,Darrow,kdarrowjx@prweb.com,Female,Ukraine
Celene,Braunstein,cbraunsteinjy@sina.com.cn,Genderqueer,China
Mill,Goldsbrough,mgoldsbroughjz@sohu.com,Male,China
Ham,Pryell,hpryellk0@mit.edu,Agender,Russia
Roz,Gioani,rgioanik1@godaddy.com,Agender,Poland
Bevon,Braidley,bbraidleyk2@ibm.com,Non-binary,China
Joella,Gianullo,jgianullok3@gov.uk,Genderqueer,Sweden
Eugenius,Fronks,efronksk4@cisco.com,Non-binary,Malaysia
Tamra,Bengle,tbenglek5@slideshare.net,Bigender,Nigeria
Mary,Hurford,mhurfordk6@timesonline.co.uk,Genderfluid,Indonesia
Hanan,Swyre,hswyrek7@upenn.edu,Male,China
Sibel,Sprulls,ssprullsk8@nsw.gov.au,Genderfluid,Italy
Malvina,Beslier,mbeslierk9@skype.com,Polygender,Philippines
Alvina,Dilston,adilstonka@macromedia.com,Female,Sweden
Nessi,Barnewelle,nbarnewellekb@accuweather.com,Agender,Philippines
Normand,Vaneev,nvaneevkc@examiner.com,Genderqueer,Brazil
Brena,McLane,bmclanekd@yahoo.co.jp,Male,Brazil
Raine,Napper,rnapperke@cdbaby.com,Agender,China
Gretchen,Thunderchief,gthunderchiefkf@unicef.org,Polygender,China
Hadleigh,Muat,hmuatkg@google.com.br,Agender,China
Lisle,Collier,lcollierkh@biglobe.ne.jp,Genderfluid,Indonesia
Gracia,Abrashkov,gabrashkovki@apple.com,Non-binary,China
Gabriele,Yakob,gyakobkj@stumbleupon.com,Bigender,United States
Gabey,Scholfield,gscholfieldkk@vk.com,Genderqueer,Luxembourg
Gabey,Stegell,gstegellkl@utexas.edu,Non-binary,Brazil
Pascal,Wheildon,pwheildonkm@globo.com,Polygender,Philippines
Vita,Kimmerling,vkimmerlingkn@jimdo.com,Polygender,Philippines
Nicki,Casado,ncasadoko@elegantthemes.com,Agender,China
Adrian,Henzley,ahenzleykp@timesonline.co.uk,Polygender,Myanmar
Vilhelmina,Ceschi,vceschikq@yellowpages.com,Bigender,Syria
Mortie,Davidge,mdavidgekr@hud.gov,Genderfluid,Russia
Brannon,Done,bdoneks@noaa.gov,Female,Iran
Amerigo,Shotbolt,ashotboltkt@google.ca,Non-binary,Lithuania
Tamma,Parfrey,tparfreyku@vkontakte.ru,Female,Russia
Tricia,Cable,tcablekv@newsvine.com,Bigender,Mexico
Verla,Radclyffe,vradclyffekw@oaic.gov.au,Agender,France
Simonette,Dana,sdanakx@businessweek.com,Female,China
Gardiner,Cullimore,gcullimoreky@cbslocal.com,Male,Pakistan
Tammi,Sauven,tsauvenkz@cnbc.com,Male,Canada
Joyann,Haldene,jhaldenel0@biblegateway.com,Agender,China
Lauree,Withrop,lwithropl1@timesonline.co.uk,Polygender,Brazil
Hali,Polglaze,hpolglazel2@amazon.de,Polygender,Ukraine
Ware,Ebdin,webdinl3@ycombinator.com,Male,Indonesia
Chuck,Esselin,cesselinl4@delicious.com,Polygender,Indonesia
Pietra,Dungay,pdungayl5@godaddy.com,Polygender,France
Alisa,Halloway,ahallowayl6@topsy.com,Non-binary,Argentina
Jyoti,Westgarth,jwestgarthl7@dmoz.org,Genderfluid,Brazil
Goldy,Stickford,gstickfordl8@sourceforge.net,Non-binary,Tanzania
Andriette,Jane,ajanel9@icio.us,Agender,Philippines
Tisha,Katz,tkatzla@yellowpages.com,Bigender,Honduras
Ethan,Curzon,ecurzonlb@cnn.com,Bigender,Greece
Harriett,Newiss,hnewisslc@earthlink.net,Non-binary,Thailand
Alfons,Sambrok,asambrokld@chronoengine.com,Agender,Tajikistan
Artair,Liversley,aliversleyle@cbc.ca,Bigender,Indonesia
Wald,Zanitti,wzanittilf@posterous.com,Female,Indonesia
Creighton,Maykin,cmaykinlg@w3.org,Bigender,Netherlands
Jerrylee,Willoughby,jwilloughbylh@sciencedirect.com,Polygender,China
Merline,Hadley,mhadleyli@cnet.com,Genderqueer,Portugal
Christa,Easby,ceasbylj@blogger.com,Female,Brazil
Denis,Braunds,dbraundslk@noaa.gov,Genderqueer,Indonesia
Cecilla,Parkins,cparkinsll@privacy.gov.au,Non-binary,China
Josepha,Mackney,jmackneylm@chicagotribune.com,Polygender,Russia
Dodi,De Normanville,ddenormanvilleln@cbc.ca,Polygender,Japan
Emlynn,Imort,eimortlo@blinklist.com,Genderfluid,Kenya
Lyndell,Nisco,lniscolp@accuweather.com,Female,Cameroon
Langsdon,Sharper,lsharperlq@lycos.com,Bigender,Japan
Ariel,Mayhead,amayheadlr@github.com,Male,Philippines
Roscoe,Romera,rromerals@nsw.gov.au,Female,Canada
Linda,Cicchetto,lcicchettolt@engadget.com,Bigender,Guinea
Kendra,Mayler,kmaylerlu@si.edu,Bigender,Bulgaria
Matti,Siman,msimanlv@ezinearticles.com,Genderfluid,China
Karia,Sharer,ksharerlw@reverbnation.com,Genderqueer,France
Clemmie,Swinfen,cswinfenlx@toplist.cz,Male,Portugal
Artie,Fusedale,afusedalely@guardian.co.uk,Bigender,Sweden
Baron,Dawbery,bdawberylz@over-blog.com,Genderfluid,Indonesia
Norrie,Giamuzzo,ngiamuzzom0@drupal.org,Polygender,Indonesia
Allistir,Lippett,alippettm1@hostgator.com,Polygender,China
Jonie,Pech,jpechm2@smugmug.com,Non-binary,Poland
Emmye,Spedding,espeddingm3@phoca.cz,Female,Argentina
Noam,Fursland,nfurslandm4@buzzfeed.com,Genderfluid,Indonesia
Betsy,Zelner,bzelnerm5@example.com,Female,Kyrgyzstan
Farra,Friar,ffriarm6@ftc.gov,Female,Guatemala
Hobart,Goacher,hgoacherm7@amazon.co.jp,Male,Philippines
Mano,Hartness,mhartnessm8@networkadvertising.org,Genderfluid,Philippines
Jehanna,Warby,jwarbym9@trellian.com,Male,Brazil
Othella,Fudger,ofudgerma@ameblo.jp,Genderfluid,Malaysia
Ellerey,Durdle,edurdlemb@jigsy.com,Polygender,France
Missy,Spinas,mspinasmc@state.gov,Non-binary,Philippines
Rozalin,Shadrach,rshadrachmd@acquirethisname.com,Bigender,Slovenia
Nicole,Ivanisov,nivanisovme@ucoz.ru,Female,Vietnam
Wilma,Serjent,wserjentmf@360.cn,Agender,Bahrain
Lulita,Maleby,lmalebymg@fc2.com,Genderfluid,Ukraine
Charlena,Roaf,croafmh@furl.net,Non-binary,Indonesia
Eugenie,Woodland,ewoodlandmi@sina.com.cn,Bigender,France
Sonny,Blacklidge,sblacklidgemj@trellian.com,Male,Madagascar
Helsa,Eve,hevemk@ca.gov,Agender,China
Kayle,Esp,kespml@odnoklassniki.ru,Genderqueer,South Korea
Read,Melanaphy,rmelanaphymm@naver.com,Male,Japan
Syman,Pollington,spollingtonmn@ca.gov,Genderqueer,China
Margie,Macquire,mmacquiremo@sogou.com,Bigender,Poland
Noellyn,Statefield,nstatefieldmp@cloudflare.com,Non-binary,Argentina
Chan,McSkin,cmcskinmq@twitter.com,Female,Burkina Faso
Letty,Goldman,lgoldmanmr@dot.gov,Polygender,Denmark
Darryl,Douty,ddoutyms@cbslocal.com,Non-binary,Malaysia
Luisa,Hoffner,lhoffnermt@wunderground.com,Female,Serbia
Allister,Burfield,aburfieldmu@nasa.gov,Male,Poland
Noelani,Rosnau,nrosnaumv@ihg.com,Genderqueer,Sweden
Thorn,Menaul,tmenaulmw@google.de,Female,Russia
Filberte,Gristock,fgristockmx@wufoo.com,Polygender,Poland
May,Trudgion,mtrudgionmy@behance.net,Genderfluid,Serbia
Terrence,Hylands,thylandsmz@bigcartel.com,Male,Russia
Nessie,Soars,nsoarsn0@senate.gov,Genderfluid,Sweden
Roxana,Hackinge,rhackingen1@myspace.com,Agender,Bosnia and Herzegovina
Rudolph,Sails,rsailsn2@biglobe.ne.jp,Female,Indonesia
Austine,Malshinger,amalshingern3@posterous.com,Non-binary,Indonesia
Fey,Pethrick,fpethrickn4@scribd.com,Polygender,China
Karol,Fortman,kfortmann5@columbia.edu,Female,China
Lauralee,Pedley,lpedleyn6@europa.eu,Female,China
Eleanor,Cannaway,ecannawayn7@icio.us,Non-binary,China
Esta,Wringe,ewringen8@github.com,Male,Philippines
Bo,Meake,bmeaken9@whitehouse.gov,Polygender,Brazil
Trstram,Rennocks,trennocksna@hexun.com,Polygender,China
Livvyy,Allkins,lallkinsnb@barnesandnoble.com,Genderfluid,Mexico
Albina,Baudouin,abaudouinnc@soundcloud.com,Genderqueer,Thailand
Adham,Plaskett,aplaskettnd@si.edu,Polygender,United States
Dorella,Clive,dclivene@tripadvisor.com,Non-binary,Norway
Jocelin,Denley,jdenleynf@sciencedirect.com,Genderfluid,Portugal
Alf,Saxby,asaxbyng@google.com.hk,Genderqueer,China
Heddie,Iiannone,hiiannonenh@cocolog-nifty.com,Polygender,Thailand
Elbertine,Maciunas,emaciunasni@bbb.org,Genderqueer,Namibia
Ladonna,Oxborrow,loxborrownj@jimdo.com,Bigender,Cuba
Bernard,Edgeson,bedgesonnk@miibeian.gov.cn,Bigender,Greece
Erroll,Larive,elarivenl@ovh.net,Genderfluid,Poland
Melodie,Panyer,mpanyernm@amazon.com,Polygender,Latvia
Rickie,Talloe,rtalloenn@ted.com,Genderqueer,Sierra Leone
Derrik,Marxsen,dmarxsenno@skyrock.com,Polygender,China
Adelice,Chown,achownnp@timesonline.co.uk,Male,Portugal
Kermy,Jerdein,kjerdeinnq@nyu.edu,Polygender,Guatemala
Joy,Coenraets,jcoenraetsnr@princeton.edu,Bigender,Thailand
Kath,Grayley,kgrayleyns@mashable.com,Bigender,Mexico
Seymour,Vannikov,svannikovnt@cyberchimps.com,Genderqueer,China
Filberto,Coupland,fcouplandnu@foxnews.com,Agender,Canada
Henry,Gatus,hgatusnv@elegantthemes.com,Male,Peru
Selig,Cage,scagenw@example.com,Female,Comoros
Alicia,Bittany,abittanynx@chicagotribune.com,Genderqueer,China
Blaine,Klimek,bklimekny@fc2.com,Genderqueer,Ethiopia
Tiler,Szabo,tszabonz@who.int,Agender,Bosnia and Herzegovina
Andee,Totterdill,atotterdillo0@xing.com,Male,Ireland
Joseito,Broinlich,jbroinlicho1@taobao.com,Male,France
Sibley,Paule,spauleo2@yellowpages.com,Agender,Iran
Brittney,Folomin,bfolomino3@feedburner.com,Non-binary,Russia
Mina,Yes,myeso4@amazon.com,Male,China
Melonie,Mitchenson,mmitchensono5@go.com,Bigender,United States
Winthrop,Thumnel,wthumnelo6@un.org,Male,Argentina
Catharine,Ambrozewicz,cambrozewiczo7@usatoday.com,Genderqueer,Finland
Nobe,Blackwell,nblackwello8@unc.edu,Genderqueer,Philippines
Effie,Woolmington,ewoolmingtono9@stanford.edu,Polygender,Portugal
Leeland,Quoit,lquoitoa@about.com,Agender,China
Rafferty,Snedker,rsnedkerob@a8.net,Polygender,China
Giacomo,MacAlaster,gmacalasteroc@t-online.de,Genderqueer,Indonesia
Donn,Woolaston,dwoolastonod@hexun.com,Non-binary,Portugal
Somerset,Gammel,sgammeloe@marketwatch.com,Non-binary,Ireland
Wanids,Maund,wmaundof@senate.gov,Non-binary,Russia
Zsa zsa,Eim,zeimog@howstuffworks.com,Agender,Colombia
Gareth,Saveall,gsavealloh@domainmarket.com,Non-binary,China
Mahmud,Hasted,mhastedoi@nps.gov,Genderfluid,Brazil
Barby,Lombardo,blombardooj@ifeng.com,Genderqueer,China
Hillery,Banbrook,hbanbrookok@reddit.com,Genderfluid,Egypt
Armando,Ethridge,aethridgeol@is.gd,Non-binary,China
Derk,Lanaway,dlanawayom@creativecommons.org,Genderqueer,France
Theresita,Heard,theardon@time.com,Male,Bosnia and Herzegovina
Florrie,Menego,fmenegooo@de.vu,Polygender,Indonesia
Clemens,Cubbinelli,ccubbinelliop@diigo.com,Agender,Japan
Roseline,Seamen,rseamenoq@livejournal.com,Bigender,Honduras
Monroe,Gillitt,mgillittor@rakuten.co.jp,Genderfluid,Morocco
Adria,Brunsden,abrunsdenos@jimdo.com,Male,Panama
Helaine,Polsin,hpolsinot@ameblo.jp,Female,Russia
Freddy,Meakin,fmeakinou@slideshare.net,Bigender,Indonesia
Garey,Wigg,gwiggov@mashable.com,Bigender,China
Alvinia,Rubi,arubiow@smh.com.au,Genderqueer,Philippines
Wilek,Gittings,wgittingsox@github.com,Genderfluid,China
Slade,Wagner,swagneroy@freewebs.com,Polygender,China
Chloette,Petriello,cpetriellooz@blog.com,Agender,China
Jeannette,Gosenell,jgosenellp0@nhs.uk,Male,Indonesia
Cacilia,Arguile,carguilep1@creativecommons.org,Female,China
Welbie,Castellino,wcastellinop2@liveinternet.ru,Bigender,Philippines
Analise,Dewar,adewarp3@lulu.com,Genderqueer,Cameroon
Krysta,Sich,ksichp4@fema.gov,Genderfluid,Japan
Meridith,Bentick,mbentickp5@fotki.com,Non-binary,Indonesia
Dorolice,Dimitriou,ddimitrioup6@jimdo.com,Polygender,Tunisia
Ericka,Geane,egeanep7@comcast.net,Non-binary,Lebanon
Remington,Seaward,rseawardp8@linkedin.com,Female,Peru
Gaby,Howling,ghowlingp9@icq.com,Bigender,Czech Republic
Viviene,Owen,vowenpa@harvard.edu,Non-binary,Bosnia and Herzegovina
Kristofor,Neissen,kneissenpb@privacy.gov.au,Agender,Comoros
Sampson,Stothert,sstothertpc@ebay.co.uk,Polygender,United States
Farleigh,Lansley,flansleypd@purevolume.com,Bigender,Philippines
Livia,Darnell,ldarnellpe@geocities.com,Non-binary,China
Freddi,Thrasher,fthrasherpf@sogou.com,Male,Morocco
Valentia,Baythrop,vbaythroppg@economist.com,Male,Philippines
Gigi,Byrd,gbyrdph@google.co.uk,Agender,China
Becca,Levin,blevinpi@alibaba.com,Male,Sudan
Dierdre,Swindall,dswindallpj@youtube.com,Bigender,Indonesia
Dave,Arlt,darltpk@reference.com,Male,Slovenia
Georgy,Thurborn,gthurbornpl@sourceforge.net,Agender,China
Katrinka,Darkins,kdarkinspm@vinaora.com,Non-binary,France
Reynolds,Bourdice,rbourdicepn@princeton.edu,Female,China
Morton,O'Hearn,mohearnpo@wiley.com,Male,China
Molli,Canty,mcantypp@rakuten.co.jp,Male,Portugal
Junia,Garmey,jgarmeypq@ucsd.edu,Genderqueer,Peru
Sonny,Mudge,smudgepr@unblog.fr,Male,Poland
Selinda,Stanyard,sstanyardps@yelp.com,Genderqueer,Iraq
Winifred,Podbury,wpodburypt@dell.com,Non-binary,Norway
Goddard,Billington,gbillingtonpu@wordpress.com,Genderqueer,Peru
Benny,Hayley,bhayleypv@istockphoto.com,Male,China
Nertie,Ironmonger,nironmongerpw@accuweather.com,Genderfluid,Indonesia
Armando,Cristofol,acristofolpx@sciencedaily.com,Genderqueer,Ethiopia
Rikki,Finnis,rfinnispy@arstechnica.com,Genderfluid,Finland
Ettie,Chasteau,echasteaupz@cbslocal.com,Polygender,Indonesia
Eirena,Roughsedge,eroughsedgeq0@fc2.com,Female,Vietnam
Jandy,Licari,jlicariq1@telegraph.co.uk,Female,Indonesia
Aubry,Szwarc,aszwarcq2@uiuc.edu,Male,Russia
Cull,Reaman,creamanq3@photobucket.com,Male,Syria
Ethelind,Graal,egraalq4@chron.com,Genderqueer,Japan
Allen,Ducker,aduckerq5@hhs.gov,Polygender,France
Rhona,Boyda,rboydaq6@gravatar.com,Non-binary,Indonesia
Alfy,Nickerson,anickersonq7@oracle.com,Genderfluid,Lithuania
Luigi,Toohey,ltooheyq8@columbia.edu,Non-binary,China
Dene,Wilkerson,dwilkersonq9@google.es,Genderqueer,Philippines
Darryl,Buse,dbuseqa@icio.us,Non-binary,Philippines
Leona,Dartnall,ldartnallqb@bloglines.com,Bigender,Ghana
Garek,Van der Beken,gvanderbekenqc@sogou.com,Polygender,China
Nicholas,Forman,nformanqd@discovery.com,Genderqueer,China
Grover,Mouse,gmouseqe@pen.io,Bigender,China
Tatiania,Braunthal,tbraunthalqf@disqus.com,Agender,China
Irwinn,Normanvill,inormanvillqg@studiopress.com,Genderfluid,China
Hyatt,Biasioli,hbiasioliqh@devhub.com,Agender,Ivory Coast
Keene,Downs,kdownsqi@yolasite.com,Female,Mongolia
Case,Stephens,cstephensqj@symantec.com,Male,Argentina
Steffi,Cruxton,scruxtonqk@craigslist.org,Male,China
Viviene,Hegge,vheggeql@dedecms.com,Agender,France
Neal,Livezey,nlivezeyqm@people.com.cn,Agender,China
Rita,Pirdue,rpirdueqn@xing.com,Male,Argentina
Silvia,Le Claire,sleclaireqo@adobe.com,Male,Poland
Chery,Matsell,cmatsellqp@princeton.edu,Polygender,Solomon Islands
Merrel,Trewinnard,mtrewinnardqq@google.cn,Non-binary,Brazil
Pavla,Chadband,pchadbandqr@bizjournals.com,Bigender,Mexico
Patton,Seamans,pseamansqs@mysql.com,Genderfluid,Indonesia
Jandy,Creigan,jcreiganqt@cbslocal.com,Genderqueer,China
Thea,Balcombe,tbalcombequ@umich.edu,Agender,France
Helyn,Northcliffe,hnorthcliffeqv@elegantthemes.com,Non-binary,Afghanistan
Jordain,Landreth,jlandrethqw@answers.com,Genderqueer,China
Germaine,Fackney,gfackneyqx@privacy.gov.au,Agender,Bahamas
Bary,Trustrie,btrustrieqy@cloudflare.com,Genderqueer,Croatia
Misha,Abels,mabelsqz@state.gov,Bigender,Russia
Allianora,McLarens,amclarensr0@tuttocitta.it,Female,China
Kit,Steel,ksteelr1@about.me,Bigender,China
Betteanne,Arends,barendsr2@printfriendly.com,Genderfluid,China
Cheri,Parramore,cparramorer3@php.net,Bigender,Indonesia
Carlie,Camerello,ccamerellor4@xing.com,Female,Taiwan
Elane,Abbado,eabbador5@auda.org.au,Genderqueer,Sweden
Christophorus,Andrichuk,candrichukr6@stumbleupon.com,Female,Yemen
Pierce,Stiven,pstivenr7@slate.com,Male,Ukraine
Kaylee,Goddman,kgoddmanr8@sakura.ne.jp,Polygender,Japan
Robenia,Boerderman,rboerdermanr9@opensource.org,Bigender,France
Cynthie,Poone,cpoonera@arizona.edu,Non-binary,Syria
Margot,Asif,masifrb@yellowbook.com,Bigender,Peru
Lemmie,Kummerlowe,lkummerlowerc@ucoz.com,Bigender,Uruguay
Katharyn,Fowlestone,kfowlestonerd@newyorker.com,Non-binary,Netherlands
Valle,Matchett,vmatchettre@ezinearticles.com,Female,Russia
Jocelyn,Sharma,jsharmarf@thetimes.co.uk,Bigender,Portugal
Rahel,Mandy,rmandyrg@barnesandnoble.com,Non-binary,Ukraine
Adoree,Thome,athomerh@fastcompany.com,Male,China
Maximilian,Goodlip,mgoodlipri@ebay.com,Male,Japan
Randie,Laboune,rlabounerj@taobao.com,Bigender,Indonesia
Letitia,Sweeten,lsweetenrk@people.com.cn,Male,United States
Jeffrey,Aronovitz,jaronovitzrl@instagram.com,Polygender,Philippines
Beryl,Allum,ballumrm@scribd.com,Female,Russia
Hasty,Murrill,hmurrillrn@ustream.tv,Polygender,Kazakhstan
Daniele,Orrobin,dorrobinro@wikispaces.com,Male,China
Demetri,MacDowal,dmacdowalrp@shareasale.com,Genderfluid,Morocco
Killy,Smeaton,ksmeatonrq@hao123.com,Non-binary,Russia
Leigha,Breming,lbremingrr@buzzfeed.com,Non-binary,Portugal
