Glendon,Cisneros,gcisneros0@japanpost.jp,generofluid,Nicaragua
Perle,Khadir,pkhadir1@bbc.co.uk,Agenero,Ukraine
Robbie,Dadley,rdadley2@sakura.ne.jp,Non-binary,China
Sydelle,Ornelas,sornelas3@phoca.cz,Bigenero,Indonesia
Laurent,Jurries,ljurries4@aboutads.info,Female,Norway
Teador,Klampk,tklampk5@yale.edu,Bigenero,Russia
Eugenius,Appleton,eappleton6@youtu.be,generofluid,Lithuania
Annie,Micco,amicco7@eepurl.com,Bigenero,Russia
Doralin,Zukierman,dzukierman8@apache.org,Polygenero,Czech Republic
Rica,Loche,rloche9@51.la,Agenero,China
Brandie,Aiken,baikena@slate.com,Agenero,Poland
Eldin,Snipe,esnipeb@google.ca,Agenero,Honduras
Henrieta,Norcott,hnorcottc@microsoft.com,Agenero,Namibia
Yvon,Ferries,yferriesd@howstuffworks.com,Male,Japan
Janene,Gooly,jgoolye@rambler.ru,generoqueer,Ukraine
Jorey,Tidbold,jtidboldf@ebay.com,Non-binary,Brazil
Rhys,Henriques,rhenriquesg@blogger.com,Agenero,Indonesia
Barton,Sterman,bstermanh@hugedomains.com,generofluid,Bahamas
Roch,Dobrowski,rdobrowskii@ca.gov,Polygenero,Honduras
Octavia,Davidowich,odavidowichj@fotki.com,Polygenero,Nicaragua
Sharyl,Miguel,smiguelk@archive.org,Bigenero,Russia
Georgette,Romanet,gromanetl@example.com,Non-binary,Portugal
Desdemona,Livzey,dlivzeym@wiley.com,Female,Brazil
Ema,Empringham,eempringhamn@taobao.com,generofluid,Brazil
Charles,Flancinbaum,cflancinbaumo@pen.io,Polygenero,Norway
Maxy,Creak,mcreakq@patch.com,Agenero,China
Brok,Jacobowitz,bjacobowitzr@smh.com.au,Bigenero,Philippines
Kevan,Bullon,kbullons@g.co,Female,France
Cacilie,Ivell,civellt@youtube.com,generoqueer,Kazakhstan
Mandy,Emerine,memerineu@altervista.org,Non-binary,Yemen
Randi,Bessey,rbesseyv@cafepress.com,generoqueer,Argentina
Giovanni,Flowerden,gflowerdenw@gov.uk,Non-binary,China
Kristan,Malsher,kmalsherx@about.com,Agenero,Ethiopia
Gallagher,Cutten,gcutteny@last.fm,Agenero,Vietnam
Shelly,McPhee,smcpheez@thetimes.co.uk,Female,Botswana
Yvette,Coysh,ycoysh10@statcounter.com,generoqueer,China
Oneida,Hawksley,ohawksley11@statcounter.com,generofluid,South Africa
Deidre,Dene,ddene12@networksolutions.com,Agenero,Russia
Faith,Emanuelov,femanuelov13@cargocollective.com,generoqueer,Mexico
Amelina,Venney,avenney14@mapquest.com,Bigenero,Philippines
Carolina,Connochie,cconnochie15@wikimedia.org,generofluid,Brazil
Lorry,Wherrit,lwherrit16@stanford.edu,Non-binary,United States
Jeremias,Iddy,jiddy17@surveymonkey.com,generoqueer,Paraguay
Maegan,Flanne,mflanne18@dedecms.com,Non-binary,Czech Republic
Shaylah,Robey,srobey19@e-recht24.de,Male,China
Tomi,Parsley,tparsley1a@hp.com,Female,China
Harmonia,Collings,hcollings1b@privacy.gov.au,Bigenero,China
Fifine,Weale,fweale1c@360.cn,Polygenero,China
Marsha,Ball,mball1d@smh.com.au,Male,Iran
Hope,Furmenger,hfurmenger1e@feedburner.com,generoqueer,Russia
Mellicent,Eldered,meldered1f@woothemes.com,Female,Argentina
Genovera,Laviss,glaviss1g@stanford.edu,Agenero,Indonesia
Valeda,Escot,vescot1h@shutterfly.com,generofluid,Ukraine
Ethan,MacDonough,emacdonough1i@cargocollective.com,Agenero,Belarus
Cletus,Hounsom,chounsom1j@wikipedia.org,Male,Peru
Erda,McIlhagga,emcilhagga1k@boston.com,Bigenero,Indonesia
Osmund,Wearing,owearing1l@baidu.com,Female,Poland
Annissa,Kubu,akubu1m@nps.gov,generoqueer,Bolivia
Rustin,Plumbridge,rplumbridge1n@yale.edu,Male,France
Kelcy,Foystone,kfoystone1o@merriam-webster.com,generofluid,Indonesia
Even,Nertney,enertney1p@loc.gov,generoqueer,Mexico
Florenza,Velten,fvelten1q@freewebs.com,generoqueer,Mexico
Padriac,McKeaveney,pmckeaveney1r@narod.ru,generoqueer,Indonesia
Eric,Dowling,edowling1s@goo.gl,generofluid,China
Bard,Etchells,betchells1t@discovery.com,generoqueer,Ecuador
Elroy,Ridgedell,eridgedell1u@cornell.edu,Female,Peru
Dael,Spoerl,dspoerl1v@nytimes.com,generofluid,Madagascar
Shawna,Scotts,sscotts1w@wired.com,generofluid,Czech Republic
Nicholas,Stormouth,nstormouth1x@soup.io,Male,Peru
Aggie,Byer,abyer1y@abc.net.au,generofluid,Thailand
Audy,Weatherill,aweatherill1z@shutterfly.com,Agenero,Poland
Mirilla,Leather,mleather20@deliciousdays.com,generoqueer,Vietnam
Vasily,Hunnybun,vhunnybun21@g.co,Non-binary,Brazil
Winona,Kobiera,wkobiera22@umn.edu,Bigenero,Syria
Ravid,Checo,rcheco23@cam.ac.uk,generoqueer,Sweden
Angela,Sails,asails24@cdc.gov,Female,Colombia
Joaquin,Poor,jpoor25@vk.com,Polygenero,Malaysia
Bruno,Edmunds,bedmunds26@marriott.com,Female,China
Ertha,Augustine,eaugustine27@springer.com,Agenero,Ukraine
Gearard,Bevir,gbevir28@squarespace.com,generoqueer,China
Brendin,Capron,bcapron29@1688.com,Agenero,China
Sean,Gadaud,sgadaud2a@webs.com,Agenero,Finland
Hermon,Tartt,htartt2b@sfgate.com,Bigenero,Sweden
Ariela,Davidsen,adavidsen2c@dmoz.org,Bigenero,Philippines
Efren,Goulborn,egoulborn2d@google.es,Female,Philippines
Rodney,McCallam,rmccallam2e@edublogs.org,Bigenero,China
Clovis,Gosney,cgosney2f@desdev.cn,Female,United States
Germain,Crosher,gcrosher2g@meetup.com,Bigenero,Indonesia
Candide,Napoleone,cnapoleone2h@seattletimes.com,generoqueer,Philippines
Carr,Tripney,ctripney2i@buzzfeed.com,Polygenero,Croatia
Dionisio,Northfield,dnorthfield2j@engadget.com,generoqueer,Russia
Austin,Fosh,afosh2k@paginegialle.it,generofluid,Indonesia
Tersina,Anten,tanten2l@noaa.gov,Male,Sri Lanka
Hernando,Dougary,hdougary2m@senate.gov,Male,China
Chaddie,Cowerd,ccowerd2n@macromedia.com,Agenero,China
Jillayne,Syrad,jsyrad2o@globo.com,generofluid,Greece
Reginald,Chudleigh,rchudleigh2p@comcast.net,Female,Colombia
Cecilla,Scholling,cscholling2q@elegantthemes.com,Polygenero,Portugal
Irving,Le Gall,ilegall2r@globo.com,Female,France
Gonzales,Btham,gbtham2s@sphinn.com,Agenero,Peru
Alfonso,Barthropp,abarthropp2t@studiopress.com,Agenero,China
Janice,Clopton,jclopton2u@cbsnews.com,generoqueer,Portugal
Jeanette,Matiashvili,jmatiashvili2v@barnesandnoble.com,Female,Portugal
Meryl,Louw,mlouw2w@nydailynews.com,generoqueer,China
Byron,Maryin,bmaryin2x@msu.edu,generoqueer,Paraguay
Bernelle,Greathead,bgreathead2y@china.com.cn,generofluid,Indonesia
Karon,Kibbey,kkibbey2z@indiegogo.com,Female,Poland
Fulvia,Kesey,fkesey30@berkeley.edu,generofluid,Indonesia
Jeffry,Parks,jparks31@lulu.com,generofluid,Spain
Kippie,Reany,kreany32@dailymail.co.uk,generofluid,France
Clayborne,Balbeck,cbalbeck33@reference.com,Bigenero,Philippines
Marna,Ambrose,mambrose34@hubpages.com,Female,China
Kassandra,Cressey,kcressey35@facebook.com,Non-binary,Indonesia
Bernardina,Ogger,bogger36@forbes.com,Female,Serbia
Giovanni,Cunah,gcunah37@senate.gov,Female,United States
Hobard,Barringer,hbarringer38@kickstarter.com,generofluid,China
Joli,O'Kieran,jokieran39@google.com,generofluid,France
Nissie,Jakaway,njakaway3a@t-online.de,Female,China
Jerrine,Burren,jburren3b@ebay.com,Bigenero,Peru
Etheline,Nudds,enudds3c@economist.com,generofluid,Ukraine
Lawrence,Priddis,lpriddis3d@wikimedia.org,Bigenero,Colombia
Bellanca,Linkin,blinkin3e@blog.com,Female,Albania
Trueman,Clayill,tclayill3f@seesaa.net,Female,Russia
Alex,Phillips,aphillips3g@china.com.cn,Bigenero,Cameroon
Britney,Parlor,bparlor3h@studiopress.com,generofluid,China
Eb,Jordon,ejordon3i@com.com,Agenero,Philippines
Fayina,Delagnes,fdelagnes3j@scribd.com,Male,Angola
Yorker,Chaves,ychaves3k@mysql.com,generofluid,Poland
Edythe,Budgen,ebudgen3l@ucoz.com,Non-binary,Indonesia
Fayette,Kaysor,fkaysor3m@buzzfeed.com,Bigenero,Argentina
Dulcinea,Argrave,dargrave3n@tripadvisor.com,generofluid,China
Ly,Sargison,lsargison3o@cdbaby.com,Polygenero,China
Angus,Petroselli,apetroselli3p@pcworld.com,Polygenero,China
Martie,Lindblad,mlindblad3q@imdb.com,generofluid,China
Ivor,Hyam,ihyam3r@google.com.hk,Male,Thailand
Burg,Brotherhed,bbrotherhed3s@bloomberg.com,Female,Brazil
Jock,Mackrill,jmackrill3t@booking.com,Male,China
Odilia,Gandy,ogandy3u@bizjournals.com,Bigenero,Peru
Nerte,Neljes,nneljes3v@businessweek.com,generofluid,Algeria
Nathalia,Crosfeld,ncrosfeld3w@t-online.de,generoqueer,China
Aubert,Lumsdaine,alumsdaine3x@shutterfly.com,Bigenero,Syria
Sloan,Clinch,sclinch3y@sohu.com,generoqueer,Niger
Adoree,MacElharge,amacelharge3z@samsung.com,Agenero,Bosnia and Herzegovina
Lynnet,Akam,lakam40@drupal.org,Polygenero,China
Doll,Beininck,dbeininck41@icq.com,Bigenero,Ireland
Silva,Antonellini,santonellini42@hugedomains.com,Bigenero,Cameroon
Abra,Makinson,amakinson43@nps.gov,generoqueer,Germany
Denise,Spiteri,dspiteri44@soup.io,generoqueer,Afghanistan
Adeline,Robroe,arobroe45@ucsd.edu,generofluid,Indonesia
Dorella,Dominy,ddominy46@constantcontact.com,Bigenero,Brazil
Osmond,Kausche,okausche47@issuu.com,Male,Ukraine
Tim,Pues,tpues48@dell.com,Female,Norway
Halley,Linthead,hlinthead49@telegraph.co.uk,Non-binary,United Kingdom
Lenee,Konertz,lkonertz4a@ox.ac.uk,Bigenero,Azerbaijan
Erek,Hustler,ehustler4b@uol.com.br,generoqueer,Brazil
Alasdair,Camamile,acamamile4c@bandcamp.com,Bigenero,China
Lynn,Cronshaw,lcronshaw4d@vk.com,Polygenero,Mauritius
Burr,Deble,bdeble4e@examiner.com,generoqueer,China
Lucky,Jodlkowski,ljodlkowski4f@alibaba.com,generoqueer,Rwanda
Hamish,Matveiko,hmatveiko4g@usgs.gov,generoqueer,Bulgaria
Salvador,Coppo,scoppo4h@mlb.com,generofluid,Indonesia
Terrye,Wyant,twyant4i@shareasale.com,generofluid,Japan
Didi,Pimm,dpimm4j@japanpost.jp,generoqueer,Serbia
Jacintha,Bollini,jbollini4k@soup.io,Non-binary,China
Madelene,Wyman,mwyman4l@china.com.cn,Agenero,Ukraine
Leo,Stripling,lstripling4m@alibaba.com,Non-binary,Madagascar
Renado,Vearncombe,rvearncombe4n@cocolog-nifty.com,generofluid,China
Evy,Fruchter,efruchter4o@ning.com,generofluid,China
Nichols,Gye,ngye4p@paypal.com,generofluid,Greece
Earlie,Reynard,ereynard4q@msn.com,Non-binary,Indonesia
Margette,Petrollo,mpetrollo4r@samsung.com,generofluid,Afghanistan
Emelita,Leere,eleere4s@blog.com,Female,Russia
Allene,Duckitt,aduckitt4t@yahoo.co.jp,generofluid,Sweden
Leigha,Yesson,lyesson4u@wp.com,Bigenero,China
Jerald,Gunning,jgunning4v@goo.gl,generoqueer,China
Roy,Heliar,rheliar4w@dagondesign.com,Polygenero,Bangladesh
Kissie,Gumn,kgumn4x@ed.gov,generofluid,United States
Hildagarde,Chalker,hchalker4y@msn.com,Agenero,China
Garret,Maryet,gmaryet4z@github.io,Agenero,Finland
Lisha,Giovannini,lgiovannini50@canalblog.com,generoqueer,China
Dominick,Feldmesser,dfeldmesser51@wikimedia.org,generoqueer,United States
Mortie,Merwood,mmerwood52@nature.com,Agenero,Canada
Raquela,Pavel,rpavel53@mtv.com,Non-binary,China
Kora,Cianni,kcianni54@bbb.org,Bigenero,North Korea
Vannie,Punter,vpunter55@yahoo.com,Female,China
Matthaeus,Haywood,mhaywood56@abc.net.au,Male,Malawi
Siana,Mole,smole57@theglobeandmail.com,generofluid,France
Drusilla,Vannar,dvannar58@multiply.com,Non-binary,Iran
Ariadne,Guillem,aguillem59@desdev.cn,generofluid,Indonesia
Florri,Burnitt,fburnitt5a@nytimes.com,Polygenero,Belgium
Lyndsie,Wasylkiewicz,lwasylkiewicz5b@ebay.com,Bigenero,France
Herman,Shasnan,hshasnan5c@geocities.com,generofluid,Eritrea
Viviana,Forryan,vforryan5d@booking.com,Bigenero,Indonesia
William,Tewkesberry,wtewkesberry5e@theguardian.com,generofluid,Japan
Chauncey,Jurges,cjurges5f@booking.com,Bigenero,China
Frank,Ambridge,fambridge5g@fotki.com,generoqueer,Yemen
Gilda,Haulkham,ghaulkham5h@cornell.edu,Male,France
Rooney,Ridolfo,rridolfo5i@ovh.net,generoqueer,China
Easter,O'Beirne,eobeirne5j@ihg.com,generofluid,Brazil
Caro,Allanson,callanson5k@dot.gov,Female,China
Reinhold,Larham,rlarham5l@state.tx.us,Agenero,Sweden
Ewen,Rihosek,erihosek5m@timesonline.co.uk,Non-binary,Ukraine
Arvie,Eliot,aeliot5n@dell.com,Female,Uruguay
Gretchen,Billes,gbilles5o@icio.us,generoqueer,Indonesia
Rebekah,Yakovich,ryakovich5p@list-manage.com,Male,Peru
Cecilius,Rhys,crhys5q@t.co,Polygenero,Albania
Lorens,Wareing,lwareing5r@vkontakte.ru,Male,Madagascar
Stefania,Biesinger,sbiesinger5s@bing.com,Agenero,Philippines
Liz,Kenneford,lkenneford5t@goo.gl,Agenero,Philippines
Keven,Danniel,kdanniel5u@theatlantic.com,Agenero,Sweden
Karim,Telega,ktelega5v@github.io,generofluid,China
Constance,FitzGilbert,cfitzgilbert5w@reddit.com,Male,Russia
Jayne,McNulty,jmcnulty5x@aboutads.info,Agenero,Portugal
Johnnie,McCue,jmccue5y@bloomberg.com,Non-binary,Guatemala
Klarrisa,Shorthill,kshorthill5z@zdnet.com,Female,Costa Rica
Krisha,Rosencrantz,krosencrantz60@xrea.com,Bigenero,Portugal
Nollie,Hould,nhould61@furl.net,Agenero,Netherlands
Dido,Klosser,dklosser62@cargocollective.com,Female,Sweden
Gustie,Bedwell,gbedwell63@wordpress.com,generofluid,Indonesia
Marya,Slessar,mslessar64@globo.com,Polygenero,Syria
Sherye,Streets,sstreets65@techcrunch.com,Bigenero,Sweden
Levon,Maestro,lmaestro66@phpbb.com,Male,Sweden
Deane,Khadir,dkhadir67@yellowbook.com,Non-binary,Argentina
Dex,Hakonsen,dhakonsen68@jalbum.net,Agenero,Cuba
Ginnie,Okill,gokill69@usatoday.com,generoqueer,Canada
Kimberlyn,Biscomb,kbiscomb6a@ft.com,Bigenero,Indonesia
Odella,Legges,olegges6b@wired.com,generofluid,China
Oran,Duncan,oduncan6c@google.cn,generofluid,Philippines
Jackie,Tanby,jtanby6d@ucoz.ru,Non-binary,China
Katina,Roggieri,kroggieri6e@digg.com,Polygenero,Tunisia
Gallagher,Lymbourne,glymbourne6f@google.co.jp,Bigenero,Syria
Lexine,Robertz,lrobertz6g@digg.com,generoqueer,China
Grove,Jennins,gjennins6h@yahoo.com,generoqueer,Zimbabwe
Rafaelita,Dechelette,rdechelette6i@rakuten.co.jp,Agenero,Greece
Annissa,Atkin,aatkin6j@joomla.org,Bigenero,United States
Joyce,Pullin,jpullin6k@dedecms.com,Non-binary,Thailand
Miquela,Mattevi,mmattevi6l@va.gov,Female,Indonesia
Hester,Augar,haugar6m@google.com.au,Bigenero,Malaysia
Avril,Phidgin,aphidgin6n@vinaora.com,Non-binary,Indonesia
Marielle,Scotchmor,mscotchmor6o@sun.com,Bigenero,Brazil
Isobel,Avarne,iavarne6p@php.net,Female,Brazil
Sheree,Kernes,skernes6q@uiuc.edu,Polygenero,Sweden
Nessie,Ketchaside,nketchaside6r@fema.gov,Non-binary,Indonesia
Silvana,McCrone,smccrone6s@hostgator.com,Bigenero,Brazil
Marlow,Chasteney,mchasteney6t@usgs.gov,Bigenero,Canada
Amie,Gentle,agentle6u@blogger.com,Polygenero,Portugal
Emelda,Bernuzzi,ebernuzzi6v@mac.com,Female,Afghanistan
Dorisa,Sowley,dsowley6w@ox.ac.uk,Female,Armenia
Nomi,Mertsching,nmertsching6x@constantcontact.com,Male,Sweden
Bernarr,O'Fihillie,bofihillie6y@adobe.com,generofluid,Portugal
Nichol,Goodbarr,ngoodbarr6z@sciencedaily.com,Agenero,Indonesia
Sephira,Matherson,smatherson70@soundcloud.com,Male,Poland
Pammie,Ruby,pruby71@istockphoto.com,Male,Pakistan
Cristina,McKea,cmckea72@theglobeandmail.com,Agenero,Brazil
Currie,Benedicte,cbenedicte73@t.co,generofluid,Philippines
Barnie,Denton,bdenton74@prnewswire.com,Polygenero,Poland
Charlena,MacClure,cmacclure75@globo.com,Male,China
Bernhard,Kinnaird,bkinnaird76@salon.com,Polygenero,South Korea
Flinn,Loren,floren77@tumblr.com,Female,Brunei
Glyn,Cliburn,gcliburn78@squarespace.com,Male,Canada
Charmain,Cardis,ccardis79@usda.gov,Non-binary,Thailand
Ignazio,Sillis,isillis7a@usa.gov,generofluid,Indonesia
Kinsley,Harroll,kharroll7b@fema.gov,generoqueer,Kazakhstan
Livia,Livesey,llivesey7c@pen.io,Female,Costa Rica
Gillan,McGettigan,gmcgettigan7d@digg.com,generoqueer,France
Ara,Wardlaw,awardlaw7e@lycos.com,Bigenero,Philippines
Nanette,Maving,nmaving7f@independent.co.uk,generoqueer,Brazil
Amerigo,Brudenell,abrudenell7g@wikia.com,Polygenero,Cambodia
Carrissa,Yacob,cyacob7h@hostgator.com,Non-binary,Uruguay
Melly,Bolens,mbolens7i@newyorker.com,Agenero,Vietnam
Raleigh,Cornford,rcornford7j@amazon.co.jp,Agenero,Indonesia
Hetti,Surmeyers,hsurmeyers7k@simplemachines.org,Non-binary,Czech Republic
Alastair,Lippini,alippini7l@vinaora.com,generoqueer,China
Corinne,Welford,cwelford7m@tmall.com,generoqueer,Brazil
Genni,Ekell,gekell7n@umn.edu,generoqueer,China
Klara,Defraine,kdefraine7o@ameblo.jp,Polygenero,Poland
Maury,Joynes,mjoynes7p@furl.net,Polygenero,Ireland
Nara,Snowman,nsnowman7q@go.com,Female,Canada
Mychal,Giuron,mgiuron7r@blogs.com,Male,Japan
Wallis,Pischof,wpischof7s@ocn.ne.jp,Agenero,Brazil
Elwin,Kirk,ekirk7t@unblog.fr,Polygenero,Philippines
Gianina,Renison,grenison7u@businessweek.com,Bigenero,France
Kettie,O'Fearguise,kofearguise7v@domainmarket.com,Non-binary,China
Duffie,Renner,drenner7w@woothemes.com,Male,Portugal
Kristopher,Alfwy,kalfwy7x@scribd.com,Polygenero,Slovenia
Florrie,Abriani,fabriani7y@histats.com,Polygenero,Canada
Aigneis,Broadwell,abroadwell7z@ihg.com,Female,Vietnam
Rodina,Sealove,rsealove80@cbslocal.com,generofluid,Indonesia
Zarah,Bassill,zbassill81@forbes.com,generofluid,Malaysia
Darrell,Mangin,dmangin82@freewebs.com,generofluid,China
Aharon,Cortes,acortes83@artisteer.com,generoqueer,Sweden
Roxy,Girhard,rgirhard84@ox.ac.uk,Male,Russia
Gizela,Rubbens,grubbens85@digg.com,Bigenero,China
Ollie,Willeman,owilleman86@fda.gov,generofluid,Japan
Rosmunda,Winterflood,rwinterflood87@prlog.org,generofluid,Russia
Dexter,Barth,dbarth88@mac.com,Bigenero,China
Hewet,Vasyutkin,hvasyutkin89@issuu.com,Polygenero,Indonesia
Tish,Jameson,tjameson8a@rakuten.co.jp,Agenero,Burundi
Fergus,Cattle,fcattle8b@ow.ly,Bigenero,Japan
Rita,Rustman,rrustman8c@howstuffworks.com,Female,Morocco
Ara,Penn,apenn8d@1688.com,generoqueer,Brazil
Brade,Kidner,bkidner8e@angelfire.com,generofluid,China
Shaylah,Ramsier,sramsier8f@google.ca,Male,Indonesia
Vance,Maplethorpe,vmaplethorpe8g@toplist.cz,Non-binary,Morocco
Elisabetta,Magill,emagill8h@storify.com,generoqueer,Indonesia
Beaufort,Pellissier,bpellissier8i@prweb.com,generofluid,Finland
Dalt,Fayne,dfayne8j@shinystat.com,generoqueer,Yemen
Neile,Lissandre,nlissandre8k@seattletimes.com,Agenero,Philippines
Port,Andreev,pandreev8l@flickr.com,Bigenero,Indonesia
Erinna,Gerrad,egerrad8m@icq.com,Male,Madagascar
Helyn,Pietruschka,hpietruschka8n@unc.edu,Polygenero,China
Minnaminnie,Pulley,mpulley8o@topsy.com,generofluid,Indonesia
Loutitia,Hedden,lhedden8p@goo.gl,Male,Uruguay
Sheela,Cornall,scornall8q@google.pl,Female,Brazil
Odele,Camacho,ocamacho8r@myspace.com,Non-binary,Brazil
Lauren,Frenzl,lfrenzl8s@flavors.me,Bigenero,Sweden
Grange,Fisher,gfisher8t@drupal.org,Non-binary,Afghanistan
Avril,Colmer,acolmer8u@t.co,Agenero,China
Marcus,Mewe,mmewe8v@answers.com,Female,Argentina
Alfie,Ollerearnshaw,aollerearnshaw8w@hugedomains.com,Polygenero,France
Pryce,Malam,pmalam8x@barnesandnoble.com,generoqueer,Indonesia
Anita,Madgin,amadgin8y@paginegialle.it,generoqueer,Sweden
Emyle,Bierman,ebierman8z@pagesperso-orange.fr,Agenero,Kenya
Cirillo,Torrijos,ctorrijos90@wordpress.com,Agenero,South Korea
Noni,Pittway,npittway91@typepad.com,Polygenero,Sweden
Enriqueta,Stanbridge,estanbridge92@tinyurl.com,Bigenero,Finland
Ettore,Pursglove,epursglove93@webeden.co.uk,Male,France
Rhonda,Sandeman,rsandeman94@samsung.com,Agenero,Brazil
Missy,Ewebank,mewebank95@japanpost.jp,Polygenero,Russia
Kleon,Mingus,kmingus96@wisc.edu,Male,Morocco
Cindelyn,Lucchi,clucchi97@theguardian.com,Non-binary,Latvia
Sophey,Arnow,sarnow98@xrea.com,Female,Argentina
Shae,Boughen,sboughen99@live.com,generoqueer,Vietnam
Penrod,Scudders,pscudders9a@squarespace.com,Non-binary,Indonesia
Mae,Gwinnell,mgwinnell9b@cafepress.com,Polygenero,China
Freida,Zorzi,fzorzi9c@bravesites.com,generoqueer,Thailand
Scot,Coltman,scoltman9d@state.tx.us,Female,China
Carolann,Mungham,cmungham9e@rambler.ru,Male,Colombia
Annadiane,Allward,aallward9f@exblog.jp,Polygenero,China
Darius,Methringham,dmethringham9g@census.gov,Polygenero,Brazil
Alvin,Croom,acroom9h@rakuten.co.jp,Agenero,Indonesia
Barbra,Salvadori,bsalvadori9i@tripod.com,Polygenero,Malawi
Salaidh,Docharty,sdocharty9j@nationalgeographic.com,Agenero,Indonesia
Stacia,Aldis,saldis9k@narod.ru,Polygenero,Argentina
Reginauld,McBrearty,rmcbrearty9l@miitbeian.gov.cn,Bigenero,Russia
Pepe,Riggert,priggert9m@surveymonkey.com,Polygenero,Indonesia
Beverlie,Cadwaladr,bcadwaladr9n@skyrock.com,Non-binary,Nigeria
Jobina,Ebbage,jebbage9o@si.edu,generofluid,China
Sid,Meindl,smeindl9p@macromedia.com,Non-binary,Japan
Cassandra,Moores,cmoores9q@accuweather.com,generofluid,Portugal
Brad,Birchett,bbirchett9r@wunderground.com,Female,Pakistan
Brock,Penwarden,bpenwarden9s@live.com,Bigenero,China
Felike,Swatheridge,fswatheridge9t@senate.gov,generofluid,Azerbaijan
Martelle,Meneyer,mmeneyer9u@zdnet.com,Bigenero,Indonesia
Verine,Pellington,vpellington9v@deviantart.com,Non-binary,Estonia
Jethro,Cartledge,jcartledge9w@huffingtonpost.com,Agenero,Israel
Chelsie,MacDunlevy,cmacdunlevy9x@rambler.ru,Female,Slovenia
Hunt,Bourgour,hbourgour9y@vkontakte.ru,Agenero,New Zealand
Karlis,Serfati,kserfati9z@ustream.tv,generoqueer,Nigeria
Link,Smorthwaite,lsmorthwaitea0@skyrock.com,Male,Philippines
Brigida,McChruiter,bmcchruitera1@geocities.jp,Agenero,Russia
Andie,Turgoose,aturgoosea2@studiopress.com,Bigenero,United States
Cad,Farlowe,cfarlowea3@phoca.cz,generofluid,China
Dick,Jowsey,djowseya4@networksolutions.com,generoqueer,Bulgaria
Dee,Barkus,dbarkusa5@nytimes.com,Female,Canada
Althea,Fradson,afradsona6@miibeian.gov.cn,Female,New Zealand
Gwenneth,Eppson,geppsona7@netscape.com,generoqueer,Finland
Milty,Deetlof,mdeetlofa8@xing.com,Bigenero,Indonesia
Billye,Vanacci,bvanaccia9@eepurl.com,Non-binary,Indonesia
Kristoffer,Blanket,kblanketaa@ihg.com,Female,Indonesia
Tiphani,Bowle,tbowleab@bizjournals.com,Female,Russia
Ashlan,Denzilow,adenzilowac@ning.com,generoqueer,Laos
Bendite,Hunnaball,bhunnaballad@yellowpages.com,Non-binary,China
Cassaundra,Casarili,ccasariliae@globo.com,Male,Honduras
Tilda,Delaney,tdelaneyaf@wikia.com,Agenero,China
Fransisco,Trahearn,ftrahearnag@rakuten.co.jp,Non-binary,Japan
Fawne,Reeves,freevesah@vinaora.com,Non-binary,Portugal
Leonid,MacPharlain,lmacpharlainai@ebay.com,Female,Estonia
Jeth,Donohue,jdonohueaj@webmd.com,generofluid,China
Huntley,O'Cahill,hocahillak@webmd.com,Agenero,Poland
Minni,Rogier,mrogieral@elpais.com,generofluid,Philippines
Goraud,Terzza,gterzzaam@sciencedirect.com,Non-binary,Portugal
Mordecai,Jacquemy,mjacquemyan@webnode.com,generoqueer,Greece
Binnie,D'Antoni,bdantoniao@posterous.com,Male,Philippines
Ivie,Ferrettini,iferrettiniap@furl.net,Polygenero,Yemen
Alberik,Clewley,aclewleyaq@google.com.hk,Agenero,Tajikistan
Reine,Gordon,rgordonar@artisteer.com,generoqueer,China
Cecelia,Clapison,cclapisonas@cbc.ca,Non-binary,Colombia
Miguel,Baitman,mbaitmanat@comsenz.com,Non-binary,Indonesia
Richard,Nendick,rnendickau@miitbeian.gov.cn,generofluid,Sweden
Fonsie,Gruszecki,fgruszeckiav@ameblo.jp,Polygenero,Dominican Republic
Benetta,Baroch,bbarochaw@weebly.com,Agenero,China
Glynda,Swindle,gswindleax@reuters.com,Polygenero,Indonesia
Alleyn,Balsdon,abalsdonay@indiatimes.com,Bigenero,Argentina
Wade,Mallon,wmallonaz@oracle.com,generofluid,France
Rakel,Davys,rdavysb0@google.com.au,Bigenero,South Africa
Irwinn,Macbeth,imacbethb1@foxnews.com,Agenero,France
Conchita,Meikle,cmeikleb2@uol.com.br,Female,China
Sigmund,Vokins,svokinsb3@chronoengine.com,generofluid,China
Susannah,Fayne,sfayneb4@latimes.com,Non-binary,Canada
Parke,Chippindale,pchippindaleb5@blogger.com,generoqueer,France
Demetre,Sallinger,dsallingerb6@mediafire.com,generofluid,Philippines
Berk,Flowitt,bflowittb7@elegantthemes.com,Bigenero,Sweden
Sisile,Ceresa,sceresab8@icio.us,Agenero,Greece
Shepherd,Chipping,schippingb9@archive.org,Female,Indonesia
Frederigo,Mawson,fmawsonba@oracle.com,Bigenero,United States
Sandi,Sharpless,ssharplessbb@boston.com,Polygenero,China
Bab,Pardy,bpardybc@reddit.com,Polygenero,Philippines
Melesa,Blastock,mblastockbd@creativecommons.org,Male,Philippines
Elna,Setch,esetchbe@scientificamerican.com,Male,New Zealand
Sean,Rhys,srhysbf@deviantart.com,generoqueer,Spain
Cecil,Basterfield,cbasterfieldbg@taobao.com,Bigenero,Philippines
Lauri,Pitkethly,lpitkethlybh@tumblr.com,generoqueer,Portugal
Worthington,Husby,whusbybi@liveinternet.ru,Agenero,Canada
Reynold,Shakespear,rshakespearbj@wikimedia.org,Agenero,Japan
Isidoro,Hatcliffe,ihatcliffebk@mac.com,Non-binary,Poland
Jess,Renn,jrennbl@blogs.com,Polygenero,China
Carie,Cassam,ccassambm@vinaora.com,generoqueer,Costa Rica
Mikol,Scarse,mscarsebn@wunderground.com,Male,Philippines
Wally,Linklater,wlinklaterbo@reference.com,Non-binary,Guatemala
Staford,Sibborn,ssibbornbp@ezinearticles.com,Agenero,Portugal
Nataniel,Gillyatt,ngillyattbq@ftc.gov,Bigenero,Democratic Republic of the Congo
Jehanna,Carr,jcarrbr@51.la,generofluid,China
Brnaby,Coping,bcopingbs@cdbaby.com,generoqueer,Ukraine
Nollie,Simone,nsimonebt@altervista.org,Agenero,Czech Republic
Jameson,Barnwall,jbarnwallbu@imageshack.us,generoqueer,Poland
Nap,Ketcher,nketcherbv@yale.edu,Agenero,Tuvalu
Janella,Holgan,jholganbw@wiley.com,generoqueer,Cape Verde
Kristyn,Densey,kdenseybx@clickbank.net,Non-binary,Indonesia
Anallise,Toomey,atoomeyby@liveinternet.ru,Bigenero,Argentina
Merlina,Myderscough,mmyderscoughbz@netvibes.com,Male,China
Chris,Schneider,cschneiderc0@hatena.ne.jp,generoqueer,China
Sonja,Imms,simmsc1@diigo.com,Non-binary,Nigeria
Lilllie,Eddow,leddowc2@comcast.net,Bigenero,Indonesia
Arnuad,Tuxell,atuxellc3@zimbio.com,Male,Kyrgyzstan
Benedikt,Fewell,bfewellc4@sakura.ne.jp,Female,Philippines
Marybelle,Malster,mmalsterc5@usda.gov,Bigenero,China
Gaylor,Blackler,gblacklerc6@ox.ac.uk,Agenero,Canada
Evelin,Caldaro,ecaldaroc7@e-recht24.de,Non-binary,Guatemala
Tracy,Garrals,tgarralsc8@jigsy.com,Male,Portugal
Selle,MacLeese,smacleesec9@cpanel.net,generofluid,China
Fitzgerald,Guidoni,fguidonica@auda.org.au,Male,Sweden
Morgun,Wyett,mwyettcb@privacy.gov.au,Non-binary,Portugal
Elias,Pulbrook,epulbrookcc@exblog.jp,Male,Sweden
Thea,MacArd,tmacardcd@disqus.com,Female,Peru
Halsey,Ciccottini,hciccottinice@state.tx.us,Male,China
Belva,Hodgon,bhodgoncf@vinaora.com,generofluid,Philippines
Sidonnie,Naire,snairecg@dot.gov,Male,Portugal
Norby,Breton,nbretonch@imdb.com,Non-binary,Indonesia
Justus,Howford,jhowfordci@photobucket.com,generofluid,Bosnia and Herzegovina
Ashleigh,Sidery,asiderycj@freewebs.com,Female,Indonesia
Dennie,Cushion,dcushionck@howstuffworks.com,Male,Poland
Jason,Girardetti,jgirardetticl@freewebs.com,Bigenero,Philippines
Glynda,Tester,gtestercm@merriam-webster.com,Polygenero,Greece
Corry,Rehor,crehorcn@forbes.com,Agenero,China
Pennie,Pauncefoot,ppauncefootco@arstechnica.com,Polygenero,Sweden
Lizzie,Settle,lsettlecp@is.gd,generoqueer,China
Jessica,Mulles,jmullescq@ezinearticles.com,Polygenero,Nigeria
Der,Gouinlock,dgouinlockcr@redcross.org,generofluid,Suriname
Brent,Purvess,bpurvesscs@blog.com,generoqueer,Indonesia
Stearn,Taffarello,staffarelloct@blogger.com,Female,China
Karin,Glanton,kglantoncu@home.pl,Polygenero,Mali
Duncan,Sigart,dsigartcv@twitter.com,Female,Jamaica
Claudianus,Streeten,cstreetencw@github.io,Bigenero,Palau
Garald,Castletine,gcastletinecx@wikispaces.com,Agenero,Bolivia
Ebonee,Allbrook,eallbrookcy@domainmarket.com,Polygenero,China
Ryon,Swetmore,rswetmorecz@fda.gov,Male,South Korea
Nikolaus,Rijkeseis,nrijkeseisd0@prweb.com,Non-binary,Ukraine
Dulcinea,Banes,dbanesd1@indiatimes.com,Agenero,Vietnam
Riki,Northill,rnorthilld2@japanpost.jp,Female,Japan
Godard,Tomczak,gtomczakd3@mediafire.com,Polygenero,United Kingdom
Rafaelia,Bauser,rbauserd4@ucla.edu,Polygenero,Peru
Viviene,McLagan,vmclagand5@ihg.com,Female,China
Oswald,Stonhewer,ostonhewerd6@ow.ly,Female,Czech Republic
Annamarie,Skittles,askittlesd7@nsw.gov.au,generofluid,Sweden
Herbie,Woodham,hwoodhamd8@liveinternet.ru,Non-binary,Ukraine
Jazmin,Leadbeatter,jleadbeatterd9@google.ca,Female,China
Jonie,Bergeon,jbergeonda@sitemeter.com,generofluid,Saint Lucia
Letizia,Tranckle,ltranckledb@arstechnica.com,Bigenero,Czech Republic
Mel,McLay,mmclaydc@webeden.co.uk,generoqueer,China
Carmine,Morales,cmoralesdd@cbslocal.com,Non-binary,Indonesia
Inga,Hugill,ihugillde@bbb.org,generoqueer,Ukraine
Editha,Ludovici,eludovicidf@php.net,Polygenero,China
Cleo,Culbard,cculbarddg@telegraph.co.uk,generoqueer,China
Ranique,Tosdevin,rtosdevindh@github.io,Non-binary,China
Kesley,Cromleholme,kcromleholmedi@google.co.uk,Male,Albania
Anne,Vallow,avallowdj@last.fm,Polygenero,China
Noni,Jewiss,njewissdk@studiopress.com,Male,China
Brockie,Rickson,bricksondl@wunderground.com,generoqueer,Canada
Harland,Di Francesco,hdifrancescodm@ning.com,Bigenero,China
Lucinda,Middleton,lmiddletondn@blogspot.com,Female,Panama
Evvie,Dennehy,edennehydo@cnn.com,Female,Indonesia
Phebe,Sommersett,psommersettdp@arizona.edu,generofluid,Philippines
Keeley,Brownsell,kbrownselldq@pinterest.com,Non-binary,Brazil
Inge,Seczyk,iseczykdr@mashable.com,Non-binary,Argentina
Tallie,Bravery,tbraveryds@usatoday.com,Bigenero,France
Ronald,Chichgar,rchichgardt@amazon.co.uk,Polygenero,Sweden
Sebastien,Lesek,slesekdu@google.co.uk,generofluid,Canada
Mervin,Trematick,mtrematickdv@adobe.com,generofluid,Philippines
Wally,Dillaway,wdillawaydw@umn.edu,generofluid,China
Lula,Crampin,lcrampindx@ocn.ne.jp,generoqueer,Norway
Annmarie,Halesworth,ahalesworthdy@businesswire.com,Bigenero,Mexico
Nelli,Colicot,ncolicotdz@smh.com.au,generoqueer,Vietnam
Berry,Blackham,bblackhame0@facebook.com,Polygenero,Canada
Kathie,Deesly,kdeeslye1@usgs.gov,Male,Poland
Keven,Willishire,kwillishiree2@istockphoto.com,Non-binary,Indonesia
Alvinia,Matyasik,amatyasike3@army.mil,generofluid,China
Liva,Simenon,lsimenone4@paypal.com,Female,Indonesia
Adriano,Dessent,adessente5@unc.edu,Polygenero,Norway
Hendrick,Woolnough,hwoolnoughe6@npr.org,Polygenero,Serbia
Tabina,Harses,tharsese7@google.ca,generoqueer,Paraguay
Raf,Boddymead,rboddymeade8@furl.net,generoqueer,Philippines
Zorine,Arnauduc,zarnauduce9@indiatimes.com,Bigenero,China
Morissa,Mawne,mmawneea@cocolog-nifty.com,Agenero,South Sudan
Giorgia,Losel,gloseleb@sogou.com,Non-binary,Afghanistan
Edwin,Cool,ecoolec@cyberchimps.com,Male,France
Nils,Flay,nflayed@vk.com,Agenero,Thailand
Jamie,Fedoronko,jfedoronkoee@privacy.gov.au,Female,France
Veriee,De Normanville,vdenormanvilleef@kickstarter.com,Male,Ethiopia
Trixie,Terlinden,tterlindeneg@google.nl,Bigenero,Philippines
Verne,Hune,vhuneeh@wufoo.com,Female,Mongolia
Regan,Richardeau,rrichardeauei@booking.com,Bigenero,Russia
Bathsheba,Gerren,bgerrenej@quantcast.com,Female,China
Jorgan,Swyndley,jswyndleyek@huffingtonpost.com,generofluid,Senegal
Dallis,Temby,dtembyel@topsy.com,Female,China
Neale,Jerromes,njerromesem@springer.com,Polygenero,Indonesia
Fae,Breton,fbretonen@wisc.edu,Agenero,Peru
Ashleigh,Lippett,alippetteo@tamu.edu,Bigenero,Philippines
Becka,Tippin,btippinep@gnu.org,Agenero,Kazakhstan
Mary,Peaker,mpeakereq@yale.edu,generofluid,Bolivia
Vannie,Donne,vdonneer@bbc.co.uk,Female,Indonesia
Benedetto,Van Der Weedenburg,bvanderweedenburges@naver.com,Non-binary,Ecuador
Barry,Wailes,bwaileset@google.pl,Non-binary,Bonaire, Saint Eustatius and Saba 
Elise,Cordeau],ecordeaueu@infoseek.co.jp,Non-binary,Indonesia
Leone,Wakeling,lwakelingev@scribd.com,Polygenero,Ethiopia
Gayleen,Popley,gpopleyew@netlog.com,generofluid,Poland
Teena,Morrallee,tmorralleeex@senate.gov,Female,Morocco
Aloin,Sybe,asybeey@time.com,Non-binary,Argentina
Benoit,Pollok,bpollokez@ning.com,generofluid,China
Cassandre,Waylett,cwaylettf0@indiegogo.com,Bigenero,Micronesia
Daile,Ghelerdini,dghelerdinif1@businessweek.com,generoqueer,China
Moritz,Slaughter,mslaughterf2@admin.ch,Female,China
Elwyn,Aickin,eaickinf3@bbc.co.uk,Non-binary,Colombia
Emmi,Jennery,ejenneryf4@dion.ne.jp,generofluid,Indonesia
Sidney,Melesk,smeleskf5@cnbc.com,Female,Philippines
Marget,Reimer,mreimerf6@mediafire.com,Non-binary,Russia
Gretal,Fosken,gfoskenf7@amazonaws.com,generofluid,Philippines
Ginnifer,Spratley,gspratleyf8@auda.org.au,Male,Peru
Eachelle,Mouser,emouserf9@mozilla.org,Male,United States
Milo,Frantzen,mfrantzenfa@etsy.com,Bigenero,Indonesia
Yorgos,Wedderburn,ywedderburnfb@live.com,generoqueer,Canada
Amos,Ventham,aventhamfc@360.cn,Agenero,Indonesia
Krystle,Gaskall,kgaskallfd@samsung.com,Agenero,Philippines
Bill,Garter,bgarterfe@hugedomains.com,Bigenero,France
Serena,How,showff@google.ca,Polygenero,China
Wilton,Denizet,wdenizetfg@marketwatch.com,Polygenero,Indonesia
Ario,Sterricks,asterricksfh@gizmodo.com,generofluid,France
Kathye,Hebbes,khebbesfi@hatena.ne.jp,generofluid,Mexico
Tobit,Sherlaw,tsherlawfj@sakura.ne.jp,Female,Colombia
Udell,Ilden,uildenfk@de.vu,Bigenero,Dominican Republic
Newton,Philp,nphilpfl@state.gov,Female,Kazakhstan
Ophelie,Dibdin,odibdinfm@about.me,Male,China
Findley,Perelli,fperellifn@com.com,generofluid,Russia
Laura,Sturt,lsturtfo@scribd.com,Bigenero,China
Berky,Gerbel,bgerbelfp@reference.com,Agenero,Poland
Brandice,Treadgear,btreadgearfq@fastcompany.com,Polygenero,Luxembourg
Jo-anne,Menelaws,jmenelawsfr@senate.gov,Polygenero,Russia
Inez,Dabling,idablingfs@washington.edu,Bigenero,Iran
Ebenezer,McKelvey,emckelveyft@statcounter.com,Female,Argentina
Gerardo,Chard,gchardfu@dot.gov,Male,Argentina
Carmon,Spong,cspongfv@163.com,Male,Canada
Seline,Aingel,saingelfw@amazon.co.jp,Female,Costa Rica
Marice,Upham,muphamfx@illinois.edu,Agenero,Greece
Jamesy,Bradburn,jbradburnfy@seattletimes.com,Non-binary,Indonesia
Alan,Ream,areamfz@php.net,Non-binary,Peru
Sally,Borzoni,sborzonig0@discovery.com,Bigenero,United States
Quinton,Shegog,qshegogg1@google.fr,Male,China
Sherwood,Le Page,slepageg2@edublogs.org,generofluid,Sweden
Nappie,Dugdale,ndugdaleg3@economist.com,Bigenero,China
Monika,Lackey,mlackeyg4@nasa.gov,Bigenero,Haiti
Mallory,Slixby,mslixbyg5@harvard.edu,Male,Malaysia
Aloysia,Frayn,afrayng6@europa.eu,generofluid,Brazil
Melissa,Cargen,mcargeng7@cbslocal.com,Agenero,France
Hestia,Kennerley,hkennerleyg8@csmonitor.com,Bigenero,Czech Republic
Honoria,McAllister,hmcallisterg9@huffingtonpost.com,generofluid,Japan
Dario,Beushaw,dbeushawga@dagondesign.com,generoqueer,Thailand
Christoph,Speek,cspeekgb@newsvine.com,Female,Nigeria
Lana,Hazeldean,lhazeldeangc@vistaprint.com,Polygenero,Mexico
Dareen,Worsham,dworshamgd@webeden.co.uk,Bigenero,Brazil
Hertha,Sowman,hsowmange@bloglines.com,generoqueer,China
Chester,Attwood,cattwoodgf@examiner.com,Male,France
Daune,Dannohl,ddannohlgg@tripod.com,generoqueer,Guatemala
Edd,Thurlow,ethurlowgh@marriott.com,Female,China
Seth,McDermott,smcdermottgi@webs.com,Female,Brazil
Hillary,Frentz,hfrentzgj@devhub.com,generofluid,Thailand
Davita,Lockart,dlockartgk@amazon.com,generofluid,Eritrea
Hastings,Dybald,hdybaldgl@ifeng.com,generofluid,Brazil
Stephan,Lucien,sluciengm@ucoz.com,generoqueer,Thailand
Ann-marie,Yarnell,ayarnellgn@is.gd,Non-binary,Indonesia
Brennen,Sells,bsellsgo@chicagotribune.com,Polygenero,Ethiopia
Gustie,Napoleone,gnapoleonegp@1und1.de,Agenero,Togo
Nicolea,Jammet,njammetgq@msu.edu,Agenero,China
Donall,Adolfson,dadolfsongr@ebay.com,generoqueer,Belarus
Biddy,Golda,bgoldags@economist.com,Female,Russia
Norman,Scotney,nscotneygt@squarespace.com,Agenero,Indonesia
Christoffer,D'Cruze,cdcruzegu@vistaprint.com,Non-binary,Poland
Nikolaos,Rowan,nrowangv@taobao.com,Polygenero,Ukraine
Anitra,Kneath,akneathgw@tumblr.com,generofluid,Indonesia
Barbara-anne,Geleman,bgelemangx@nationalgeographic.com,Polygenero,Argentina
Standford,Mannooch,smannoochgy@examiner.com,Non-binary,Indonesia
Melisenda,Coke,mcokegz@friendfeed.com,Non-binary,Ukraine
Aundrea,Astill,aastillh0@google.es,Bigenero,Brunei
Emelita,Hinkens,ehinkensh1@histats.com,Polygenero,Sweden
Sacha,Celier,scelierh2@123-reg.co.uk,Polygenero,Portugal
Carolus,Audenis,caudenish3@bing.com,Bigenero,Malaysia
Rupert,Lourenco,rlourencoh4@java.com,Female,Argentina
Cobbie,Bedlington,cbedlingtonh5@cmu.edu,generoqueer,Vietnam
Gustave,Colbourne,gcolbourneh6@economist.com,Polygenero,Palestinian Territory
Korney,Elflain,kelflainh7@bloglovin.com,Bigenero,Sweden
Daren,Massen,dmassenh8@whitehouse.gov,Agenero,United Kingdom
Ives,Krahl,ikrahlh9@nytimes.com,Female,China
Buffy,Pring,bpringha@mysql.com,generofluid,Thailand
Tull,Tammadge,ttammadgehb@multiply.com,Bigenero,South Africa
Sigismond,Plumb,splumbhc@example.com,generofluid,Philippines
Lennard,Rosendahl,lrosendahlhd@google.com,generofluid,Russia
Steffen,Arlet,sarlethe@un.org,Bigenero,Mexico
Richmound,Jaquet,rjaquethf@example.com,generoqueer,China
Charmine,Gilstoun,cgilstounhg@amazon.co.jp,Agenero,China
Bridgette,Lyon,blyonhh@so-net.ne.jp,Female,China
Audry,Pinyon,apinyonhi@seattletimes.com,Female,Russia
Teddie,Huleatt,thuleatthj@mayoclinic.com,Bigenero,Czech Republic
Aloise,Vanyatin,avanyatinhk@shinystat.com,Bigenero,Gambia
Winifield,Staning,wstaninghl@meetup.com,Non-binary,Russia
Caprice,Isacsson,cisacssonhm@blogs.com,Non-binary,Indonesia
Bette-ann,Castagno,bcastagnohn@theguardian.com,Male,France
Tatiana,Aguilar,taguilarho@sina.com.cn,Polygenero,South Korea
Alistair,Pilsbury,apilsburyhp@sciencedirect.com,Female,Portugal
Drucie,Kleinber,dkleinberhq@eepurl.com,Female,Japan
Ingelbert,Matson,imatsonhr@a8.net,Polygenero,Japan
Hubie,Ivannikov,hivannikovhs@csmonitor.com,Bigenero,Indonesia
Bertha,Coots,bcootsht@goo.gl,Non-binary,China
Anetta,Vassman,avassmanhu@dell.com,generoqueer,Czech Republic
Antonetta,Fookes,afookeshv@yale.edu,Female,Armenia
Bridgette,Condell,bcondellhw@github.com,generofluid,Indonesia
Hildy,Chell,hchellhx@macromedia.com,generoqueer,Portugal
Tobiah,Learmonth,tlearmonthhy@mac.com,Male,Philippines
Walther,Breacher,wbreacherhz@biblegateway.com,Agenero,Russia
Jonis,Ipsgrave,jipsgravei0@devhub.com,generofluid,Indonesia
Sunny,Mensler,smensleri1@hud.gov,Polygenero,China
Iseabal,Calbreath,icalbreathi2@ucoz.com,generoqueer,Indonesia
Jaimie,Itzkowicz,jitzkowiczi3@google.es,Agenero,China
Emmery,Camblin,ecamblini4@imgur.com,Bigenero,Morocco
Craggy,Chapman,cchapmani5@eepurl.com,Bigenero,Poland
Charlotta,Philcock,cphilcocki6@chronoengine.com,Female,Indonesia
Gerri,McKintosh,gmckintoshi7@nba.com,Bigenero,Indonesia
Kelsey,Kinglesyd,kkinglesydi8@addtoany.com,Non-binary,Jamaica
Penni,Orgee,porgeei9@techcrunch.com,generoqueer,Portugal
Anna-diane,Rook,arookia@devhub.com,generofluid,Philippines
Douglas,Titmus,dtitmusib@twitpic.com,Female,Uganda
Thane,Hache,thacheic@bigcartel.com,Male,Indonesia
Sherlock,Lipprose,slipproseid@gnu.org,Polygenero,Russia
Lita,Forrest,lforrestie@umich.edu,Bigenero,Russia
Barbabas,Halladey,bhalladeyif@hexun.com,Female,Indonesia
Laurena,Fountain,lfountainig@uiuc.edu,Male,Indonesia
Bekki,Garaghan,bgaraghanih@123-reg.co.uk,Female,China
Shirl,Guy,sguyii@hatena.ne.jp,Bigenero,Portugal
Sax,Turnell,sturnellij@craigslist.org,Female,China
Lois,Fairhead,lfairheadik@cloudflare.com,Non-binary,Portugal
Dom,Cristol,dcristolil@yellowpages.com,Male,Yemen
Grantley,Boots,gbootsim@yellowpages.com,Female,Indonesia
Chester,Orts,cortsin@icq.com,Male,Colombia
Dunn,Guterson,dgutersonio@fc2.com,generoqueer,Philippines
Jori,Meininger,jmeiningerip@alexa.com,Male,Philippines
Lorette,Nobbs,lnobbsiq@live.com,Female,Greece
Rice,Letty,rlettyir@theatlantic.com,Agenero,Palestinian Territory
Dario,Sansum,dsansumis@nyu.edu,Male,Armenia
Konstance,Caulier,kcaulierit@usgs.gov,Polygenero,Iraq
Nicol,Mundford,nmundfordiu@tinyurl.com,Male,Sweden
Netty,Longhorn,nlonghorniv@marketwatch.com,Polygenero,Mexico
Fayre,Denisyuk,fdenisyukiw@hp.com,Female,China
Eric,Babe,ebabeix@flickr.com,Bigenero,Sweden
Olivie,Cantwell,ocantwelliy@123-reg.co.uk,generoqueer,Greece
Tasia,Brigman,tbrigmaniz@bluehost.com,Male,China
Cari,Hartwright,chartwrightj0@xrea.com,Non-binary,Morocco
Freeland,Crichten,fcrichtenj1@geocities.com,Bigenero,Indonesia
Sanders,Jadczak,sjadczakj2@unc.edu,Male,Azerbaijan
Clara,Sawtell,csawtellj3@icq.com,Non-binary,Slovenia
Corrine,Elwill,celwillj4@guardian.co.uk,Male,Indonesia
Edeline,Boultwood,eboultwoodj5@printfriendly.com,Polygenero,China
Tonnie,Goranov,tgoranovj6@wikispaces.com,Bigenero,Poland
Sada,Hosten,shostenj7@instagram.com,Non-binary,Sweden
Adelice,Vogeller,avogellerj8@amazonaws.com,Male,Portugal
Ruddy,Ullock,rullockj9@tumblr.com,Male,Sierra Leone
Sigismund,Hover,shoverja@amazonaws.com,generoqueer,France
Myrvyn,Rafe,mrafejb@nih.gov,Female,Niger
Rocky,Judd,rjuddjc@wufoo.com,generoqueer,Poland
Elka,Maunders,emaundersjd@bbc.co.uk,Polygenero,Afghanistan
Paola,Gobel,pgobelje@freewebs.com,Female,Iran
Abbe,Woloschinski,awoloschinskijf@4shared.com,Non-binary,Nigeria
Valry,Valasek,vvalasekjg@prweb.com,Agenero,Anguilla
Mella,O'Nions,monionsjh@pagesperso-orange.fr,Agenero,China
Sansone,Jarad,sjaradji@tumblr.com,Bigenero,Albania
Yetta,McCaw,ymccawjj@amazon.co.uk,Male,Russia
Jane,Espinho,jespinhojk@ihg.com,generoqueer,Slovenia
Frazier,Yeskov,fyeskovjl@moonfruit.com,Polygenero,Russia
Rosina,Worley,rworleyjm@slideshare.net,Non-binary,Indonesia
Dore,Folkes,dfolkesjn@princeton.edu,Female,Brazil
Hazlett,Vaskov,hvaskovjo@php.net,Male,Indonesia
Winston,Arnaudot,warnaudotjp@behance.net,Female,Japan
Umberto,McLevie,umcleviejq@skype.com,generofluid,Yemen
Yves,Ewin,yewinjr@mac.com,Female,Sweden
Thatcher,Gimber,tgimberjs@mayoclinic.com,Polygenero,China
Jerrome,Dorrian,jdorrianjt@nih.gov,Male,China
Kaia,O'Hear,kohearju@jalbum.net,generoqueer,Finland
Lacee,Tellenbach,ltellenbachjv@go.com,generoqueer,China
Floyd,Buske,fbuskejw@fema.gov,generoqueer,Russia
Nerty,Aitken,naitkenjx@fotki.com,Agenero,Bolivia
Heall,Judkins,hjudkinsjy@arstechnica.com,generofluid,China
Tadio,Simond,tsimondjz@ted.com,Agenero,Nigeria
Sigismundo,Ferraretto,sferrarettok0@soundcloud.com,generoqueer,Indonesia
Alberik,Chevin,achevink1@ox.ac.uk,Female,Ghana
Milka,Bereford,mberefordk2@walmart.com,Polygenero,Poland
Leanor,Jenson,ljensonk3@newsvine.com,Non-binary,France
Kissiah,Lukianovich,klukianovichk4@dell.com,Agenero,Spain
Idelle,Cejka,icejkak5@weibo.com,generoqueer,Philippines
Sue,Woodwin,swoodwink6@nsw.gov.au,Non-binary,Tajikistan
Svend,Colomb,scolombk7@so-net.ne.jp,Non-binary,Ukraine
Dalton,McCaskill,dmccaskillk8@squidoo.com,generoqueer,Sweden
Abby,Hartzogs,ahartzogsk9@tuttocitta.it,Bigenero,Russia
Yetta,Austen,yaustenka@cnet.com,generofluid,China
Keriann,Gibson,kgibsonkb@weather.com,Male,Vietnam
Fidelity,Wahner,fwahnerkc@indiatimes.com,Female,China
Linette,MacGarrity,lmacgarritykd@facebook.com,Bigenero,Indonesia
Moise,Poundford,mpoundfordke@wikispaces.com,Bigenero,Brazil
Aldin,Mahmood,amahmoodkf@cnbc.com,Female,Russia
Justina,Markussen,jmarkussenkg@ucoz.ru,Bigenero,China
Terri,Berrington,tberringtonkh@tripadvisor.com,Female,Poland
Christina,McKilroe,cmckilroeki@admin.ch,Agenero,Nigeria
Mandi,Gatchell,mgatchellkj@bluehost.com,generoqueer,China
Lanie,Paireman,lpairemankk@nhs.uk,Polygenero,Tanzania
Weston,Heinsh,wheinshkl@slate.com,Female,France
Kristin,Camin,kcaminkm@ebay.com,generofluid,United States
Kipp,Ruddock,kruddockkn@archive.org,Male,Sweden
Mair,Scapelhorn,mscapelhornko@cdc.gov,generofluid,Lithuania
Saree,O'Heffernan,soheffernankp@over-blog.com,Male,Czech Republic
Lisle,Marsland,lmarslandkq@google.co.jp,generofluid,Portugal
Owen,Siseland,osiselandkr@purevolume.com,generoqueer,Brazil
Bianka,Beevors,bbeevorsks@theatlantic.com,Male,Russia
Leilah,Braunstein,lbraunsteinkt@archive.org,Non-binary,Brazil
Friedrich,Ludovici,fludoviciku@tiny.cc,Female,Czech Republic
Teresita,Elford,telfordkv@mediafire.com,Male,United Kingdom
Susette,Beedie,sbeediekw@cnn.com,Male,Netherlands
Jewell,Adelberg,jadelbergkx@discuz.net,generofluid,Hungary
Michell,Samworth,msamworthky@domainmarket.com,Female,Canada
Moss,Andryushchenko,mandryushchenkokz@umn.edu,Non-binary,Brazil
Valera,Wright,vwrightl0@csmonitor.com,Female,Philippines
Ker,MacAllan,kmacallanl1@amazon.co.jp,generoqueer,Thailand
Amble,Guion,aguionl2@marketwatch.com,Male,Nigeria
Ferris,Summerlee,fsummerleel3@abc.net.au,generoqueer,China
Prescott,Dearn,pdearnl4@163.com,Agenero,Canada
Roshelle,Blower,rblowerl5@wordpress.com,Male,French Polynesia
Muriel,Alcock,malcockl6@g.co,Bigenero,Portugal
Nikolos,Hinkley,nhinkleyl7@boston.com,generoqueer,China
Silvester,Losano,slosanol8@sogou.com,Agenero,Mongolia
Gerome,Provest,gprovestl9@rambler.ru,Female,Qatar
Orlan,Howieson,ohowiesonla@blogtalkradio.com,Agenero,France
Carl,End,cendlb@redcross.org,Bigenero,Portugal
Shandy,McGraw,smcgrawlc@redcross.org,Female,China
Granville,Larne,glarneld@nytimes.com,Male,Nepal
Lydon,Newis,lnewisle@goo.ne.jp,generoqueer,Czech Republic
Noble,Mayward,nmaywardlf@yellowpages.com,Non-binary,China
Ada,Bissatt,abissattlg@nyu.edu,Female,Serbia
Alfredo,Hawkswell,ahawkswelllh@ed.gov,Non-binary,France
Tobiah,Setchfield,tsetchfieldli@google.co.jp,generoqueer,Somalia
Joelynn,Vaudrey,jvaudreylj@google.com.au,Non-binary,Portugal
Kelsey,Rowles,krowleslk@addthis.com,Female,China
Florenza,Anthill,fanthillll@seesaa.net,Male,Poland
Olva,Besant,obesantlm@multiply.com,Agenero,China
Gerti,Sandon,gsandonln@nymag.com,Bigenero,Indonesia
Lark,Turton,lturtonlo@rambler.ru,Non-binary,Poland
Horatio,Grinaugh,hgrinaughlp@craigslist.org,Non-binary,Maldives
Zeb,Hannum,zhannumlq@nasa.gov,Non-binary,Botswana
Hector,Pally,hpallylr@ning.com,Non-binary,Morocco
Adriane,Babalola,ababalolals@usda.gov,Female,Sweden
Barnebas,Foxley,bfoxleylt@miitbeian.gov.cn,Agenero,Philippines
Jordon,Basillon,jbasillonlu@soup.io,Male,United States
Germaine,Grewar,ggrewarlv@zdnet.com,Non-binary,Afghanistan
Chuck,Allday,calldaylw@godaddy.com,Female,Russia
Carine,Massei,cmasseilx@devhub.com,Male,China
Martica,Lacey,mlaceyly@home.pl,Bigenero,China
Aylmar,Sumpton,asumptonlz@ft.com,Non-binary,Brazil
Laverne,MacAlester,lmacalesterm0@microsoft.com,Non-binary,France
Aldridge,Lakin,alakinm1@vk.com,Non-binary,China
Clement,Grishanin,cgrishaninm2@tamu.edu,Non-binary,Guatemala
Richardo,O'Scanlon,roscanlonm3@marriott.com,Female,China
Artur,Macvey,amacveym4@stumbleupon.com,Agenero,Croatia
Kile,Nashe,knashem5@cnn.com,generoqueer,Brazil
Adrea,Pole,apolem6@go.com,generofluid,Indonesia
Karlis,Bulch,kbulchm7@is.gd,Bigenero,Netherlands
Cosimo,Roper,croperm8@fotki.com,Male,France
De,O'Fairy,dofairym9@usgs.gov,Male,Philippines
Lacie,Jolliffe,ljolliffema@seesaa.net,Polygenero,United States
Cassie,Lehrmann,clehrmannmb@behance.net,Bigenero,Indonesia
Fremont,Ladbrook,fladbrookmc@marriott.com,generoqueer,Pakistan
Felice,Meneo,fmeneomd@fda.gov,Female,China
Eugene,Plett,eplettme@bloomberg.com,Female,Thailand
Parnell,Philippart,pphilippartmf@boston.com,Polygenero,China
Claudius,Biddlecombe,cbiddlecombemg@infoseek.co.jp,Agenero,Portugal
Janey,Bargery,jbargerymh@vistaprint.com,generofluid,Sweden
Rayshell,Ledgley,rledgleymi@unblog.fr,Bigenero,Tanzania
Etta,Synnot,esynnotmj@who.int,Agenero,Poland
Dal,Clayden,dclaydenmk@xinhuanet.com,Agenero,Libya
Chauncey,Treacher,ctreacherml@freewebs.com,generofluid,Brazil
Kimbell,O'Kieran,kokieranmm@eepurl.com,Non-binary,Philippines
Orelee,Lamblot,olamblotmn@springer.com,Female,China
Faulkner,Retchless,fretchlessmo@dion.ne.jp,Male,Nigeria
Merrile,Tolliday,mtollidaymp@usgs.gov,Female,Paraguay
Patrizia,Tison,ptisonmq@irs.gov,generofluid,China
Koren,Drust,kdrustmr@4shared.com,Agenero,China
Sauveur,Bahlmann,sbahlmannms@google.es,Agenero,Portugal
Samuel,Joule,sjoulemt@bravesites.com,Female,Finland
Opalina,Youngman,oyoungmanmu@flickr.com,Agenero,Greece
Ibby,Cromar,icromarmv@chron.com,Non-binary,France
My,Stammer,mstammermw@infoseek.co.jp,Bigenero,Philippines
Kerwin,Colkett,kcolkettmx@upenn.edu,Polygenero,Czech Republic
Bob,Little,blittlemy@skype.com,generoqueer,Portugal
Alyosha,Fosdick,afosdickmz@aboutads.info,Bigenero,Benin
Maggee,Drejer,mdrejern0@mtv.com,generoqueer,Philippines
Nadia,Sheirlaw,nsheirlawn1@feedburner.com,generofluid,Tajikistan
Yorker,Treffry,ytreffryn2@omniture.com,generofluid,South Africa
Tabitha,Tuxell,ttuxelln3@godaddy.com,Bigenero,Argentina
Blakelee,Spence,bspencen4@amazon.co.uk,Polygenero,Armenia
Annabela,Sharrock,asharrockn5@bigcartel.com,generoqueer,Philippines
Greg,Maharry,gmaharryn6@myspace.com,Female,Brazil
Hattie,Bilby,hbilbyn7@youtube.com,Non-binary,Indonesia
Jolie,Fripp,jfrippn8@army.mil,generoqueer,Philippines
Kellby,Kuhl,kkuhln9@studiopress.com,Non-binary,Peru
Eachelle,Helm,ehelmna@zimbio.com,generofluid,Slovenia
Terrell,MacAdam,tmacadamnb@narod.ru,Non-binary,China
Audrye,Glavin,aglavinnc@themeforest.net,Male,Czech Republic
Gigi,Crotch,gcrotchnd@oracle.com,Female,Ghana
Joni,Iowarch,jiowarchne@nih.gov,Male,Indonesia
Lexi,Ribou,lribounf@economist.com,Female,Malaysia
Simmonds,Dowber,sdowberng@bing.com,Bigenero,Brazil
Dallas,Peyto,dpeytonh@cnn.com,generoqueer,Poland
Lacie,Attyeo,lattyeoni@homestead.com,generofluid,South Korea
Bengt,Cass,bcassnj@slate.com,Female,Philippines
Coreen,Patkin,cpatkinnk@hubpages.com,Agenero,Poland
Guillemette,Kemshell,gkemshellnl@wunderground.com,Male,Indonesia
Ware,Petrasch,wpetraschnm@china.com.cn,Polygenero,Poland
Riley,Tattersdill,rtattersdillnn@networksolutions.com,Agenero,Mauritania
Maxy,Batrop,mbatropno@topsy.com,Polygenero,Russia
Laina,Ambrosi,lambrosinp@pen.io,Agenero,Philippines
Welbie,Kas,wkasnq@reuters.com,Non-binary,United States
Saul,Guest,sguestnr@blogger.com,generoqueer,Peru
Nickie,Fellman,nfellmanns@cdc.gov,Non-binary,Russia
Siffre,Girling,sgirlingnt@shinystat.com,generofluid,Colombia
Anatollo,Gouldbourn,agouldbournnu@hp.com,generoqueer,Nigeria
Maiga,Asson,massonnv@unesco.org,Male,Thailand
Charmane,Angus,cangusnw@wordpress.org,Polygenero,Portugal
Terry,Havile,thavilenx@yale.edu,Male,China
Gerald,Savory,gsavoryny@typepad.com,Female,Portugal
Dennet,Bargery,dbargerynz@rambler.ru,generoqueer,Italy
Dasya,Goundrill,dgoundrillo0@barnesandnoble.com,Polygenero,Vietnam
Elonore,Cronin,ecronino1@woothemes.com,Female,Argentina
Jamil,Varnham,jvarnhamo2@unc.edu,Bigenero,Myanmar
Augustine,Duckworth,aduckwortho3@moonfruit.com,Non-binary,Indonesia
Adah,Pydcock,apydcocko4@home.pl,Female,Nigeria
Alvy,Shorthill,ashorthillo5@webmd.com,Polygenero,China
Keary,Mowsdale,kmowsdaleo6@discovery.com,Bigenero,Brazil
Glynis,Chismon,gchismono7@google.nl,generoqueer,United States
Ward,Dimblebee,wdimblebeeo8@naver.com,Agenero,Bulgaria
Lanie,Crewes,lcreweso9@mail.ru,Agenero,China
Julia,Ahrenius,jahreniusoa@wunderground.com,Non-binary,Malaysia
Nance,Hanshawe,nhanshaweob@behance.net,generofluid,China
Shelbi,Loblie,sloblieoc@diigo.com,Polygenero,China
Theresa,McKeaveney,tmckeaveneyod@whitehouse.gov,generofluid,Portugal
Rutherford,Selbach,rselbachoe@dedecms.com,Agenero,China
Allx,Di Gregorio,adigregorioof@ebay.co.uk,generoqueer,China
Chelsie,Tabourin,ctabourinog@engadget.com,Polygenero,China
Reynard,Bownde,rbowndeoh@phpbb.com,Polygenero,Iran
Vyky,Scammonden,vscammondenoi@wiley.com,Agenero,Costa Rica
Merrielle,Reicharz,mreicharzoj@cloudflare.com,Non-binary,Mexico
Bent,Pracy,bpracyok@vinaora.com,Non-binary,China
Meghann,Vittel,mvittelol@google.co.uk,Female,Botswana
Saxon,Sonner,ssonnerom@nifty.com,Non-binary,China
Kennan,Grave,kgraveon@answers.com,Polygenero,China
Cornie,Adcocks,cadcocksoo@mozilla.org,generofluid,Kyrgyzstan
Xylina,Shemwell,xshemwellop@artisteer.com,generoqueer,Czech Republic
Ashli,Jendricke,ajendrickeoq@yellowpages.com,Agenero,China
Rand,Betjes,rbetjesor@ow.ly,Agenero,Thailand
Huntlee,Egdal,hegdalos@mtv.com,Female,Japan
Zaneta,Graveston,zgravestonot@nymag.com,Male,Sweden
Mariann,Reed,mreedou@comsenz.com,Agenero,Jordan
Orel,Fardoe,ofardoeov@icq.com,generoqueer,China
Leann,Haye,lhayeow@csmonitor.com,Agenero,China
Lurlene,Pett,lpettox@51.la,Female,Portugal
Mateo,Sapshed,msapshedoy@nationalgeographic.com,Female,Macedonia
Calhoun,Didball,cdidballoz@noaa.gov,generofluid,Japan
Erinna,Bernardino,ebernardinop0@1688.com,Bigenero,Honduras
Alexandros,Rosten,arostenp1@over-blog.com,Male,Pakistan
Mata,Elsip,melsipp2@cloudflare.com,Male,Liberia
Benedetta,Aspinal,baspinalp3@huffingtonpost.com,Polygenero,China
Blakelee,Blais,bblaisp4@shop-pro.jp,generofluid,Indonesia
Tybalt,Salamon,tsalamonp5@wikimedia.org,Agenero,Russia
Margareta,Clixby,mclixbyp6@ocn.ne.jp,Female,Philippines
Peirce,Tight,ptightp7@state.gov,Male,Yemen
Gaston,Sexstone,gsexstonep8@who.int,generofluid,Haiti
Rene,Leechman,rleechmanp9@deliciousdays.com,generoqueer,Croatia
Ingemar,Biggerstaff,ibiggerstaffpa@dion.ne.jp,Polygenero,Indonesia
Brigg,Priddle,bpriddlepb@artisteer.com,generoqueer,Norway
Mordecai,Lamb,mlambpc@lulu.com,Non-binary,Brazil
Beck,Bullough,bbulloughpd@xrea.com,Polygenero,Czech Republic
Garrot,Gennrich,ggennrichpe@geocities.jp,generoqueer,France
Arlee,Dunk,adunkpf@ucoz.ru,Male,Russia
Townsend,Nafzger,tnafzgerpg@home.pl,Non-binary,China
Hobard,Basilotta,hbasilottaph@nasa.gov,Male,Greece
Artur,Affron,aaffronpi@etsy.com,Non-binary,Peru
Kala,Levane,klevanepj@theglobeandmail.com,generofluid,Poland
Roarke,Lodge,rlodgepk@ox.ac.uk,Female,Bulgaria
Jefferey,Drioli,jdriolipl@last.fm,Female,Uzbekistan
Goober,Begley,gbegleypm@noaa.gov,generoqueer,China
Gweneth,Karel,gkarelpn@prnewswire.com,Female,France
Tiffie,Skatcher,tskatcherpo@nasa.gov,generoqueer,Estonia
Dennis,Wesson,dwessonpp@webnode.com,Polygenero,Czech Republic
Gabrila,Battrum,gbattrumpq@columbia.edu,Agenero,Sweden
Prinz,Stott,pstottpr@tripod.com,Agenero,Nigeria
Andie,Derell,aderellps@archive.org,Agenero,Dominican Republic
Alanah,Hainge,ahaingept@google.es,generofluid,Japan
Winnah,Brickham,wbrickhampu@cnet.com,Female,China
Alayne,Tatteshall,atatteshallpv@sourceforge.net,Bigenero,Philippines
Theodor,Bresman,tbresmanpw@rakuten.co.jp,Bigenero,Czech Republic
Harv,Howatt,hhowattpx@wordpress.com,generofluid,Malaysia
Vicky,Gyurko,vgyurkopy@go.com,Male,Brazil
Vickie,Pembridge,vpembridgepz@moonfruit.com,Non-binary,China
Stavro,Vasilchikov,svasilchikovq0@illinois.edu,generoqueer,China
Shelagh,Lamyman,slamymanq1@spiegel.de,Agenero,Poland
Nelson,Forsdyke,nforsdykeq2@chronoengine.com,generoqueer,Iran
Tremaine,Ganiclef,tganiclefq3@storify.com,Female,Philippines
Sinclare,Febre,sfebreq4@marriott.com,Agenero,Nicaragua
Ermengarde,Gathwaite,egathwaiteq5@skyrock.com,Male,Colombia
Torrey,Fullegar,tfullegarq6@squarespace.com,Agenero,Greece
Elianora,Spaxman,espaxmanq7@hao123.com,Agenero,Czech Republic
Yves,Hanmore,yhanmoreq8@aboutads.info,Polygenero,Brazil
Madelina,Topling,mtoplingq9@tripadvisor.com,generoqueer,China
Feliza,Ruggier,fruggierqa@fc2.com,generoqueer,China
Nerte,Bellew,nbellewqb@skyrock.com,Female,Iceland
Jeanne,Le Leu,jleleuqc@columbia.edu,generofluid,Costa Rica
Winifred,Georgiev,wgeorgievqd@marketwatch.com,generoqueer,Indonesia
Mona,Hamprecht,mhamprechtqe@cocolog-nifty.com,generoqueer,Sweden
Jocko,Dowyer,jdowyerqf@go.com,generoqueer,Tanzania
Jule,Peacher,jpeacherqg@biblegateway.com,generofluid,Poland
Jeanne,Salmons,jsalmonsqh@army.mil,Polygenero,Indonesia
Faustine,Ashbridge,fashbridgeqi@gov.uk,generoqueer,Indonesia
Biron,Swales,bswalesqj@merriam-webster.com,Female,South Korea
Kimbell,Mohammed,kmohammedqk@feedburner.com,Agenero,Macedonia
Julia,Hyslop,jhyslopql@bloglines.com,Polygenero,South Africa
Casey,Yaldren,cyaldrenqm@seesaa.net,Bigenero,Indonesia
Pierre,Tams,ptamsqn@google.com.hk,Bigenero,South Africa
Guenna,Tonsley,gtonsleyqo@uol.com.br,Bigenero,Czech Republic
Jsandye,Mil,jmilqp@loc.gov,Bigenero,France
Sheff,Galvin,sgalvinqq@google.nl,Agenero,Poland
Ida,Delahunty,idelahuntyqr@istockphoto.com,Bigenero,Greece
Eddy,Blackly,eblacklyqs@delicious.com,generofluid,China
Grace,Auguste,gaugusteqt@umn.edu,Agenero,China
Courtnay,Canto,ccantoqu@wired.com,Non-binary,Yemen
Sela,Sparkwill,ssparkwillqv@biglobe.ne.jp,generofluid,China
Polly,Canadas,pcanadasqw@newyorker.com,Bigenero,Brazil
Joannes,Belasco,jbelascoqx@alibaba.com,generoqueer,Philippines
Addison,Masseo,amasseoqy@51.la,Polygenero,Indonesia
Sherye,Stebles,ssteblesqz@skype.com,Polygenero,China
Jany,Faichney,jfaichneyr0@freewebs.com,Bigenero,Cyprus
Aidan,Woodthorpe,awoodthorper1@goo.gl,Non-binary,Philippines
Enid,Berg,ebergr2@cnet.com,Male,Venezuela
Rube,Begin,rbeginr3@imgur.com,generofluid,Cuba
Jennie,Rowe,jrower4@bravesites.com,Non-binary,Peru
Eachelle,Moreinis,emoreinisr5@ehow.com,generoqueer,Japan
Dar,Renshaw,drenshawr6@lycos.com,Male,Indonesia
Zulema,Emmanuele,zemmanueler7@oakley.com,generoqueer,Madagascar
Elena,Potter,epotterr8@netlog.com,Male,Argentina
Kristo,Harsnipe,kharsniper9@biblegateway.com,generofluid,Indonesia
Kinna,Caso,kcasora@springer.com,Male,South Africa
Myriam,Gaitone,mgaitonerb@etsy.com,generoqueer,Vietnam
Anne,Ugolotti,augolottirc@yahoo.com,Polygenero,China
Verge,Okey,vokeyrd@disqus.com,Female,Morocco
Marchelle,Joyner,mjoynerre@cmu.edu,Female,Sweden
Kalvin,Daouse,kdaouserf@wunderground.com,Non-binary,Indonesia
Wenona,McGrail,wmcgrailrg@seesaa.net,Non-binary,China
Stephan,Absalom,sabsalomrh@dyndns.org,Agenero,Indonesia
Gil,Rashleigh,grashleighri@ezinearticles.com,Agenero,Ukraine
Venita,Bonney,vbonneyrj@newyorker.com,Polygenero,Philippines
Way,Bartoletti,wbartolettirk@nbcnews.com,generoqueer,Thailand
Earvin,Williams,ewilliamsrl@geocities.com,Non-binary,Spain
Mortimer,Shearn,mshearnrm@gov.uk,Non-binary,Italy
Bendix,Pittel,bpittelrn@nps.gov,Female,Ireland
Uriah,Cordova,ucordovaro@statcounter.com,generoqueer,Armenia
Spenser,Burchett,sburchettrp@comcast.net,generofluid,Iran
Pavia,Demkowicz,pdemkowiczrq@usa.gov,Female,China
Ofella,Neillans,oneillansrr@woothemes.com,Male,Colombia
