firstName,lastName,email
Brittaney,Buttress,bbuttress0@cornell.edu
Arabele,Carbin,acarbin1@dagondesign.com
Bebe,Poncet,bponcet2@parallels.com
Bryn,Cattlow,bcattlow3@prlog.org
Mercedes,Fellenor,mfellenor4@stanford.edu
Eliza,Yackiminie,eyackiminie5@ihg.com
Hoyt,Pennetti,hpennetti6@state.gov
Angus,Bratton,abratton7@zdnet.com
Lorettalorna,Binnes,lbinnes8@gnu.org
Rog,Bradborne,rbradborne9@indiegogo.com
Nickolas,Fergusson,nfergussona@answers.com
Sydney,Beine,sbeineb@cbc.ca
Corina,Caven,ccavenc@a8.net
Carolee,Rookes,crookesd@army.mil
Brigitta,Kibbee,bkibbeee@rambler.ru
Phillis,Entissle,pentisslef@joomla.org
Lavena,Thurlow,lthurlowg@salon.com
Ignatius,Hadigate,ihadigateh@google.ca
Bradly,Bowdrey,bbowdreyi@shareasale.com
Eva,Okroy,eokroyj@indiatimes.com
Dickie,Postles,dpostlesk@nps.gov
Maitilde,Cockshot,mcockshotl@dot.gov
Rickard,Benterman,rbentermanm@bandcamp.com
Claudell,Eskriett,ceskriettn@dropbox.com
Nonah,Sore,nsoreo@mashable.com
Ryon,Sporrij,rsporrijp@linkedin.com
Emmye,Looney,elooneyq@umich.edu
May,Stiles,mstilesr@soup.io
Tilda,Tubritt,ttubritts@dedecms.com
Michele,Bladon,mbladont@japanpost.jp
Carleton,Chevers,ccheversu@vinaora.com
Thaxter,Mandifield,tmandifieldv@hp.com
Glynis,Lloyd,glloydw@sciencedirect.com
Andromache,Gilmartin,agilmartinx@microsoft.com
Fernande,Shambrooke,fshambrookey@goodreads.com
Mareah,Mullen,mmullenz@163.com
Grady,Frensche,gfrensche10@list-manage.com
Gregor,Vose,gvose11@devhub.com
Kincaid,Warrack,kwarrack12@istockphoto.com
Maisie,Bartlosz,mbartlosz13@pbs.org
Dulsea,Ambrosoni,dambrosoni14@ucoz.ru
Silvan,Skea,sskea15@live.com
Hortense,Whitticks,hwhitticks16@yelp.com
Daisie,Cochet,dcochet17@feedburner.com
Marrilee,Cordero,mcordero18@trellian.com
Pepillo,Angell,pangell19@apple.com
Reagan,Rosthorn,rrosthorn1a@blogspot.com
Harrie,Izakson,hizakson1b@irs.gov
Dimitry,McGrale,dmcgrale1c@shinystat.com
Daisey,Sheirlaw,dsheirlaw1d@uiuc.edu
Christy,Mersh,cmersh1e@amazonaws.com
Minny,Stather,mstather1f@hexun.com
Ryan,Tollemache,rtollemache1g@live.com
Cameron,Weond,cweond1h@redcross.org
Jaymie,Pieter,jpieter1i@csmonitor.com
Michael,Tocqueville,mtocqueville1j@twitpic.com
Sherman,Kittless,skittless1k@zimbio.com
Chrystel,Feldharker,cfeldharker1l@lycos.com
Norina,Sare,nsare1m@addtoany.com
Thadeus,Yaxley,tyaxley1n@nyu.edu
Roby,Lyles,rlyles1o@shop-pro.jp
Melisande,Fennick,mfennick1p@cpanel.net
Rowe,Fulham,rfulham1q@deliciousdays.com
Nonnah,Iorizzi,niorizzi1r@seesaa.net
Persis,Ogle,pogle1s@europa.eu
Thomas,Carress,tcarress1t@usatoday.com
Cullan,Wellard,cwellard1u@simplemachines.org
Osborne,Sex,osex1v@multiply.com
Alexia,Fanton,afanton1w@cbsnews.com
Tammi,Balazin,tbalazin1x@nytimes.com
Zondra,Spread,zspread1y@bbc.co.uk
Dill,Abbey,dabbey1z@hao123.com
Calla,Lancett,clancett20@nydailynews.com
Christabella,Greenroad,cgreenroad21@51.la
Kenny,Cresar,kcresar22@ocn.ne.jp
Erek,Reignould,ereignould23@bbc.co.uk
Alyssa,Bailes,abailes24@techcrunch.com
Rosalinde,Meininger,rmeininger25@paginegialle.it
Rodie,Budget,rbudget26@engadget.com
Noreen,Meus,nmeus27@cbsnews.com
Dixie,Pirson,dpirson28@ocn.ne.jp
Gibb,Labitt,glabitt29@toplist.cz
Imogen,Dallaghan,idallaghan2a@techcrunch.com
Glynis,Foggo,gfoggo2b@amazonaws.com
Laney,Veschi,lveschi2c@trellian.com
Ansley,St Louis,astlouis2d@eepurl.com
Kirstin,Zorzi,kzorzi2e@wsj.com
Melesa,Szymanowicz,mszymanowicz2f@about.com
Rurik,Curthoys,rcurthoys2g@imdb.com
Faunie,Klement,fklement2h@angelfire.com
Lucien,Ortiga,lortiga2i@unicef.org
Ermanno,Negri,enegri2j@shinystat.com
Sara,Ekins,sekins2k@si.edu
Mason,Crowe,mcrowe2l@jigsy.com
Goldi,Haughton,ghaughton2m@slate.com
Jeremias,Wimsett,jwimsett2n@ebay.co.uk
Chelsie,Cabble,ccabble2o@furl.net
Iorgos,De Simone,idesimone2p@miitbeian.gov.cn
Katine,Albisser,kalbisser2q@acquirethisname.com
Rikki,Hilling,rhilling2r@webeden.co.uk